open,high,low,close,volume,amount,type
20.51,20.6,20.31,20.48,1875784.0,38360338.8502,历史
20.48,20.49,20.32,20.41,1386516.0,28270276.4852,历史
20.4,20.43,20.3,20.36,1632685.0,33217891.3456,历史
20.36,20.38,20.31,20.33,1184400.0,24093462.0535,历史
20.34,20.35,20.11,20.22,2231600.0,45078148.7802,历史
20.22,20.29,20.1,20.22,1702997.0,34356900.3936,历史
20.23,20.27,20.13,20.2,1090903.0,22021618.6046,历史
20.19,20.32,20.18,20.22,1096397.0,22200661.4275,历史
20.22,20.24,20.15,20.24,914500.0,18456960.9952,历史
20.24,20.25,20.13,20.14,1058327.0,21344249.3096,历史
20.14,20.29,20.13,20.24,563869.0,11394453.4032,历史
20.24,20.24,20.13,20.16,707615.0,14274164.3101,历史
20.17,20.3,20.13,20.27,940369.0,18973999.1722,历史
20.26,20.35,20.18,20.31,785200.0,15905651.2249,历史
20.31,20.33,20.07,20.08,1475900.0,29781845.9811,历史
20.07,20.16,20.0,20.16,1460690.0,29250885.0356,历史
20.16,20.2,20.02,20.19,748500.0,15026400.1428,历史
20.19,20.2,20.05,20.08,777000.0,15613251.9529,历史
20.08,20.1,20.01,20.01,835100.0,16749717.0668,历史
20.02,20.06,20.0,20.0,1122695.0,22471835.1267,历史
20.0,20.01,19.91,19.98,2294100.0,45808975.0245,历史
19.97,20.13,19.93,20.09,1730780.0,34628548.9937,历史
20.08,20.1,19.98,19.98,580800.0,11619236.0132,历史
19.99,20.0,19.88,19.91,1795600.0,35772632.9177,历史
19.91,19.93,19.88,19.89,1226500.0,24411699.9978,历史
19.88,19.94,19.83,19.86,2073800.0,41207860.6938,历史
19.86,19.9,19.8,19.8,1663600.0,33021576.98,历史
19.8,19.83,19.74,19.81,1945800.0,38490563.4973,历史
19.81,19.85,19.76,19.82,1103699.0,21863068.3279,历史
19.81,19.88,19.78,19.87,720300.0,14287841.0078,历史
19.88,19.88,19.79,19.86,903099.0,17910253.1474,历史
19.86,20.09,19.82,20.08,1119558.0,22290575.577,历史
20.08,20.18,19.98,20.01,1293000.0,25976429.8597,历史
20.0,20.03,19.87,19.88,929000.0,18564483.7266,历史
19.91,19.94,19.86,19.92,1015500.0,20198037.9229,历史
19.91,20.0,19.91,19.99,1173322.0,23434439.5279,历史
19.99,19.99,19.87,19.9,2575526.0,51289500.6504,历史
19.88,19.92,19.86,19.87,3124697.0,62112681.5612,历史
19.59,19.68,19.27,19.3,12535110.0,243587549.203,历史
19.3,20.07,19.3,20.05,6153661.0,121925310.7716,历史
20.05,20.23,19.94,20.23,6298642.0,126537269.4247,历史
20.22,20.25,20.04,20.12,2393800.0,48228773.5541,历史
20.12,20.25,19.93,20.24,2779700.0,55903452.067,历史
20.25,20.27,19.93,19.95,2316800.0,46578448.9381,历史
19.94,20.0,19.79,19.89,2192000.0,43649165.7139,历史
19.88,19.89,19.62,19.69,2462600.0,48639702.8876,历史
19.69,19.79,19.58,19.77,1831902.0,36004145.0099,历史
19.78,19.78,19.58,19.62,1448719.0,28442603.3619,历史
19.6,19.62,19.47,19.51,1981284.0,38707907.4536,历史
19.51,19.7,19.5,19.56,1378201.0,26961051.4791,历史
19.56,19.58,19.39,19.39,1356900.0,26437859.9453,历史
19.39,19.46,19.31,19.37,1913478.0,37061237.0058,历史
19.36,19.43,19.32,19.32,1132527.0,21950725.498,历史
19.32,19.39,19.3,19.31,1407404.0,27203019.1743,历史
19.31,19.52,19.3,19.41,1456084.0,28211588.569,历史
19.41,19.41,19.31,19.32,624978.0,12097866.0963,历史
19.32,19.32,19.2,19.26,2565146.0,49407104.5547,历史
19.25,19.26,19.19,19.19,1307000.0,25116118.4117,历史
19.2,19.2,18.93,19.01,4201315.0,79924971.239,历史
19.01,19.15,18.91,18.92,2047671.0,38905865.3383,历史
18.92,19.14,18.92,19.07,1269777.0,24181304.5561,历史
19.06,19.08,18.93,18.93,807100.0,15336968.947,历史
18.94,19.17,18.89,18.97,2253414.0,42757118.1077,历史
18.98,19.11,18.91,19.09,1188800.0,22613641.9449,历史
19.1,19.14,19.03,19.14,882859.0,16851031.6914,历史
19.14,19.26,19.09,19.1,779241.0,14945696.7128,历史
19.1,19.1,19.01,19.07,646408.0,12323582.0559,历史
19.07,19.18,19.04,19.17,568491.0,10872610.0603,历史
19.17,19.26,19.11,19.13,704786.0,13517161.163,历史
19.13,19.15,19.06,19.13,919700.0,17560661.0659,历史
19.12,19.17,19.08,19.08,576500.0,11026353.9336,历史
19.09,19.13,19.07,19.09,439300.0,8387600.0234,历史
19.08,19.27,19.07,19.22,1004600.0,19274607.9818,历史
19.23,19.34,19.2,19.33,777200.0,14990199.9293,历史
19.33,19.35,19.28,19.32,720500.0,13915973.0493,历史
19.32,19.43,19.25,19.28,913600.0,17664041.011,历史
19.27,19.37,19.25,19.37,607700.0,11735389.2547,历史
19.37,19.38,19.28,19.3,657200.0,12696060.1091,历史
19.3,19.37,19.27,19.27,639700.0,12354674.0502,历史
19.27,19.38,19.22,19.25,967700.0,18668445.9974,历史
19.26,19.39,19.24,19.31,1123500.0,21715899.4811,历史
19.3,19.32,19.21,19.23,982688.0,18914912.4131,历史
19.23,19.34,19.2,19.32,1246948.0,24044770.6351,历史
19.32,19.32,19.25,19.26,909800.0,17537087.0956,历史
19.26,19.32,19.22,19.28,2666534.0,51372305.6875,历史
19.29,19.32,19.28,19.3,2047500.0,39519047.6561,历史
18.62,18.78,18.3,18.74,13773500.0,255659603.052,历史
18.74,19.06,18.6,19.06,4718800.0,88613138.4011,历史
19.06,19.26,19.0,19.14,4274299.0,81827360.3688,历史
19.14,19.15,18.96,18.97,2724800.0,51910920.1567,历史
18.96,19.2,18.92,19.19,2284700.0,43604461.1179,历史
19.18,19.2,19.01,19.03,1722300.0,32862471.4164,历史
19.02,19.37,18.87,19.35,3790341.0,72359197.7107,历史
19.35,19.53,19.25,19.34,4399975.0,85354539.5719,历史
19.36,19.49,19.23,19.35,2405474.0,46567049.574,历史
19.35,19.41,19.24,19.4,1374700.0,26552613.9855,历史
19.4,19.53,19.37,19.52,2367200.0,46016562.752,历史
19.53,19.81,19.52,19.68,4957300.0,97585831.1467,历史
19.67,19.92,19.64,19.71,3964963.0,78543241.1217,历史
19.71,19.81,19.66,19.81,1516900.0,29893273.6306,历史
19.81,19.97,19.76,19.96,2752200.0,54762510.9756,历史
19.96,19.97,19.72,19.94,2033400.0,40429249.7751,历史
19.93,20.25,19.91,20.09,5633899.0,113385347.2247,历史
20.09,20.14,19.91,20.1,1912173.0,38354394.6431,历史
20.1,20.63,20.08,20.6,4114608.0,83717806.6925,历史
20.6,20.63,20.32,20.32,3364600.0,68979120.1304,历史
20.32,20.46,20.18,20.42,1691580.0,34412963.0062,历史
20.42,20.79,20.31,20.78,2706900.0,55616077.8591,历史
20.77,20.96,20.6,20.87,3862760.0,80473584.6522,历史
20.89,21.0,20.78,20.85,2731300.0,57052392.9512,历史
20.85,21.18,20.8,21.18,3531800.0,73951853.8896,历史
21.18,21.23,21.08,21.21,5897573.0,125033785.3366,历史
21.2,21.23,21.2,21.23,5492071.0,116590266.8011,历史
21.23,21.23,21.23,21.23,765300.0,16247319.0,历史
21.23,21.23,21.23,21.23,512000.0,10869760.0,历史
21.23,21.23,21.22,21.23,4014824.0,85231948.8974,历史
21.23,21.23,21.15,21.22,5477642.0,116243469.9108,历史
21.21,21.23,21.21,21.23,2017600.0,42830649.9253,历史
21.23,21.23,21.23,21.23,179800.0,3817154.0,历史
21.23,21.23,21.23,21.23,77200.0,1638956.0,历史
21.23,21.23,21.23,21.23,129000.0,2738670.0,历史
21.23,21.23,21.23,21.23,114800.0,2437204.0,历史
21.23,21.23,21.23,21.23,111700.0,2371391.0,历史
21.23,21.23,21.23,21.23,57300.0,1216479.0,历史
21.23,21.23,21.23,21.23,87000.0,1847010.0,历史
21.23,21.23,21.23,21.23,104400.0,2216412.0,历史
21.23,21.23,21.23,21.23,75100.0,1594373.0,历史
21.23,21.23,21.23,21.23,83900.0,1781197.0,历史
21.23,21.23,21.23,21.23,153200.0,3252436.0,历史
21.23,21.23,21.23,21.23,123600.0,2624028.0,历史
21.23,21.23,21.23,21.23,136100.0,2889403.0,历史
21.23,21.23,21.23,21.23,129000.0,2738670.0,历史
21.23,21.23,21.23,21.23,133300.0,2829959.0,历史
21.23,21.23,21.23,21.23,189900.0,4031577.0,历史
22.06,22.76,21.49,22.0,28618289.0,636064438.8669,历史
21.98,22.01,20.94,21.1,13849063.0,297880489.4133,历史
21.09,21.33,20.98,21.32,7689900.0,162562422.6846,历史
21.33,21.48,21.2,21.26,5379600.0,114835361.7703,历史
21.26,21.37,21.12,21.24,3538180.0,75164685.0755,历史
21.23,21.27,21.16,21.19,2499100.0,53051158.9497,历史
21.19,21.35,21.12,21.28,2958201.0,62821507.2137,历史
21.27,21.3,20.96,20.96,3320800.0,70026209.0317,历史
20.97,21.03,20.85,21.03,3504795.0,73406844.9031,历史
21.03,21.03,20.8,21.02,2633900.0,55077937.8931,历史
21.03,21.29,21.02,21.27,1554200.0,32932149.9731,历史
21.26,21.29,21.21,21.24,1149000.0,24418250.0527,历史
21.24,21.26,21.1,21.12,1049139.0,22249419.6113,历史
21.12,21.27,21.11,21.2,1044400.0,22125979.9541,历史
21.19,21.21,21.05,21.1,999700.0,21102969.0365,历史
21.1,21.12,21.0,21.02,1117591.0,23493135.0156,历史
21.03,21.03,20.96,20.99,919571.0,19306148.957,历史
20.99,21.08,20.97,20.99,599100.0,12588788.0093,历史
20.99,21.01,20.9,21.0,1559247.0,32660589.9535,历史
20.99,21.02,20.93,20.95,656300.0,13764663.9863,历史
20.95,21.0,20.86,20.86,833900.0,17448846.9575,历史
20.86,20.89,20.76,20.8,1840429.0,38322549.2094,历史
20.8,20.83,20.76,20.76,712600.0,14820824.9736,历史
20.76,20.87,20.72,20.86,839096.0,17436892.0635,历史
20.87,20.89,20.78,20.87,1026500.0,21389549.1099,历史
20.87,20.97,20.77,20.8,922500.0,19243930.0088,历史
20.79,20.82,20.6,20.62,1428000.0,29561209.0166,历史
20.62,20.64,20.48,20.58,1855603.0,38136865.4863,历史
20.56,20.65,20.55,20.62,827600.0,17039469.9482,历史
20.62,20.63,20.51,20.52,827600.0,17005797.0356,历史
20.53,20.8,20.53,20.8,1030000.0,21282425.041,历史
20.78,20.89,20.7,20.89,823500.0,17128297.96,历史
20.89,20.95,20.82,20.87,942800.0,19693543.999,历史
20.88,20.88,20.8,20.84,545000.0,11359260.0317,历史
20.84,20.88,20.72,20.73,584600.0,12158396.0063,历史
20.74,20.77,20.67,20.73,552997.0,11456129.9567,历史
20.72,20.74,20.67,20.68,519500.0,10754122.6789,历史
20.67,20.69,20.6,20.67,925700.0,19098132.4168,历史
20.67,20.73,20.66,20.71,545200.0,11279622.0244,历史
20.72,20.72,20.63,20.64,540100.0,11164288.0078,历史
20.63,20.65,20.53,20.53,754300.0,15527947.3234,历史
20.53,20.55,20.46,20.49,1183800.0,24269049.01,历史
20.48,20.65,20.46,20.58,1088400.0,22365595.9658,历史
20.58,20.63,20.53,20.59,786900.0,16197074.9961,历史
20.59,20.64,20.55,20.59,1094007.0,22524730.3203,历史
20.59,20.65,20.53,20.56,1408464.0,28987386.627,历史
20.56,20.69,20.56,20.6,1649700.0,34038056.9404,历史
20.6,20.64,20.56,20.56,1594000.0,32805090.6622,历史
20.36,20.77,20.36,20.4,10217200.0,209776890.9321,历史
20.4,20.45,20.09,20.15,4659045.0,94218408.7165,历史
20.16,20.24,20.09,20.15,3604716.0,72676784.1536,历史
20.15,20.24,20.03,20.13,2919868.0,58701778.9608,历史
20.14,20.66,20.11,20.66,2318300.0,47282894.2141,历史
20.66,20.95,20.62,20.62,5584800.0,116265376.8286,历史
20.63,20.85,20.61,20.71,2700600.0,55993085.0459,历史
20.72,20.98,20.67,20.96,2890708.0,60299351.3409,历史
20.96,21.08,20.81,21.05,3851200.0,80785077.1074,历史
21.05,21.97,21.03,21.81,8995418.0,194867625.4491,历史
21.83,22.0,21.7,21.97,5591800.0,122326159.5795,历史
21.98,22.12,21.95,21.99,3555342.0,78320558.2335,历史
22.0,22.2,21.84,22.19,3576597.0,78751623.1888,历史
22.18,22.5,22.12,22.26,4189841.0,93576833.1299,历史
22.26,22.62,22.25,22.62,9306401.0,210317149.3952,历史
22.62,22.62,22.62,22.62,1539100.0,34814442.6022,历史
22.62,22.62,22.62,22.62,1646100.0,37234782.9066,历史
22.62,22.62,22.62,22.62,674332.0,15253390.1957,历史
22.62,22.62,22.62,22.62,311900.0,7055178.1426,历史
22.62,22.62,22.62,22.62,295100.0,6675162.1387,历史
22.62,22.62,22.62,22.62,250248.0,5660609.8608,历史
22.62,22.62,22.62,22.62,196952.0,4455054.3477,历史
22.62,22.62,22.62,22.62,156800.0,3546816.0845,历史
22.62,22.62,22.62,22.62,173700.0,3929094.1362,历史
22.62,22.62,22.62,22.62,450800.0,10197096.1587,历史
22.62,22.62,22.62,22.62,105600.0,2388672.0366,历史
22.62,22.62,22.62,22.62,107700.0,2436174.0308,历史
22.62,22.62,22.62,22.62,104900.0,2372838.0566,历史
22.62,22.62,22.62,22.62,63600.0,1438632.0229,历史
22.62,22.62,22.62,22.62,66000.0,1492920.0269,历史
22.62,22.62,22.62,22.62,66100.0,1495182.02,历史
22.62,22.62,22.62,22.62,99700.0,2255214.0205,历史
22.62,22.62,22.62,22.62,38900.0,879918.0156,历史
22.62,22.62,22.62,22.62,69300.0,1567566.0356,历史
22.62,22.62,22.62,22.62,92400.0,2090088.0366,历史
22.62,22.62,22.62,22.62,58000.0,1311960.0249,历史
22.62,22.62,22.62,22.62,46300.0,1047306.0137,历史
22.62,22.62,22.62,22.62,65900.0,1490658.0376,历史
22.62,22.62,22.62,22.62,52800.0,1194336.0269,历史
22.62,22.62,22.62,22.62,85300.0,1929486.0508,历史
22.62,22.62,22.62,22.62,46000.0,1040520.0181,历史
22.62,22.62,22.62,22.62,75600.0,1710072.022,历史
22.62,22.62,22.62,22.62,55800.0,1262196.0205,历史
22.62,22.62,22.62,22.62,70600.0,1596972.061,历史
22.62,22.62,22.62,22.62,102000.0,2307240.0386,历史
22.62,22.62,22.62,22.62,72200.0,1633164.0273,历史
22.62,22.62,22.62,22.62,114500.0,2589990.0542,历史
22.62,22.62,22.62,22.62,193600.0,4379232.0571,历史
23.01,24.2,23.0,24.2,15580171.0,367285496.0078,历史
24.19,24.21,23.21,23.44,10708655.0,252907640.3845,历史
23.43,23.44,22.85,23.06,12184632.0,280731281.4164,历史
23.06,23.29,22.97,23.03,5804262.0,134042611.1582,历史
23.01,23.11,22.62,22.64,7851506.0,179252628.3101,历史
22.66,22.84,22.47,22.66,6933300.0,157200564.0313,历史
22.66,22.9,22.51,22.79,3075000.0,69829939.0815,历史
22.79,23.04,22.78,22.81,2972500.0,68177342.8711,历史
22.81,22.91,22.67,22.84,1554900.0,35413015.0288,历史
22.84,22.85,22.6,22.8,1870400.0,42501355.126,历史
22.8,22.81,22.65,22.73,1358685.0,30862202.3885,历史
22.73,22.87,22.58,22.63,1781000.0,40426806.0244,历史
22.64,22.74,22.56,22.61,1262300.0,28588615.9165,历史
22.6,22.73,22.53,22.67,1644200.0,37197775.9932,历史
22.67,22.68,22.42,22.53,2202800.0,49577901.0288,历史
22.53,22.75,22.51,22.69,1397500.0,31665461.9546,历史
22.67,22.69,22.5,22.57,753600.0,17013329.0347,历史
22.57,22.65,22.52,22.65,798700.0,18032742.9912,历史
22.66,22.78,22.62,22.78,1317800.0,29923064.9834,历史
22.78,22.8,22.7,22.73,1134800.0,25827543.0322,历史
22.7,22.73,22.62,22.71,621300.0,14085516.9604,历史
22.71,22.88,22.71,22.78,941000.0,21476411.0142,历史
22.78,22.8,22.66,22.69,512900.0,11654261.04,历史
22.69,22.73,22.62,22.7,582400.0,13205508.9966,历史
22.69,22.79,22.55,22.63,1571400.0,35571366.0245,历史
22.63,22.75,22.61,22.73,670700.0,15211936.9468,历史
22.72,22.75,22.64,22.75,683100.0,15501043.9316,历史
22.74,22.8,22.72,22.75,685800.0,15604622.0146,历史
22.75,22.78,22.66,22.7,722600.0,16410712.9873,历史
22.7,22.75,22.66,22.72,582800.0,13231313.9497,历史
22.71,22.9,22.71,22.76,1434442.0,32710828.4956,历史
22.75,22.82,22.71,22.81,674500.0,15351783.0239,历史
22.81,22.84,22.71,22.72,1145600.0,26091883.0039,历史
22.71,22.72,22.65,22.67,961500.0,21808749.0127,历史
22.66,22.79,22.66,22.72,974006.0,22121928.022,历史
22.72,22.75,22.61,22.62,884778.0,20053662.1361,历史
22.61,22.75,22.61,22.72,828900.0,18800032.9954,历史
22.73,22.74,22.66,22.73,720500.0,16368118.9766,历史
22.73,22.74,22.68,22.68,766600.0,17408390.9585,历史
22.69,22.72,22.68,22.71,674600.0,15314218.8999,历史
22.71,22.71,22.67,22.68,732500.0,16619769.0396,历史
22.69,22.73,22.67,22.7,943801.0,21421477.6343,历史
22.7,22.72,22.6,22.64,1566999.0,35489492.3547,历史
22.63,22.81,22.63,22.68,2363400.0,53715669.1065,历史
22.68,22.72,22.65,22.69,1313503.0,29808787.989,历史
22.68,22.72,22.67,22.7,1825999.0,41444831.9593,历史
22.7,22.73,22.67,22.72,2636233.0,59836758.1178,历史
22.72,22.74,22.71,22.74,2676604.0,60849223.0233,历史
22.9,23.36,22.52,22.58,13596884.0,312134516.2032,历史
22.57,22.69,22.03,22.35,7764372.0,172909818.8482,历史
22.35,22.54,22.14,22.26,3676700.0,82153989.0709,历史
22.25,22.26,21.77,21.8,5738242.0,126292077.5923,历史
21.79,22.14,21.79,22.0,3305149.0,72548170.1929,历史
21.99,22.0,21.78,21.8,2795600.0,61118118.4796,历史
21.79,21.87,21.72,21.8,2548400.0,55527765.1038,历史
21.78,21.85,21.27,21.29,4844890.0,104222420.277,历史
21.3,21.49,21.15,21.3,4630573.0,98552079.1653,历史
21.3,21.44,21.24,21.32,2427700.0,51808036.8784,历史
21.32,21.54,21.31,21.54,2502831.0,53578070.6362,历史
21.54,21.55,21.17,21.18,1869800.0,39902478.0073,历史
21.17,21.2,20.73,20.79,4192171.0,88008129.707,历史
20.83,21.03,20.6,20.73,3482000.0,72295121.0015,历史
20.73,20.82,20.62,20.73,1814500.0,37607081.0111,历史
20.73,20.73,20.5,20.61,2319000.0,47798701.0503,历史
20.61,20.72,20.55,20.64,1262000.0,26034133.9307,历史
20.63,20.65,20.48,20.65,2223904.0,45659090.0714,历史
20.65,20.78,20.61,20.7,1614800.0,33455165.9692,历史
20.67,20.79,20.56,20.58,1271500.0,26305632.0444,历史
20.56,20.63,20.51,20.56,1015700.0,20878404.9639,历史
20.57,20.58,20.5,20.52,920950.0,18914784.0835,历史
20.52,20.58,20.47,20.49,2177946.0,44621679.9667,历史
20.48,20.5,20.47,20.48,1070394.0,21920368.0436,历史
20.49,20.5,20.47,20.47,2837506.0,58094251.1533,历史
20.48,20.48,20.47,20.47,723400.0,14809318.7567,历史
20.47,20.49,20.47,20.47,979500.0,20054091.7738,历史
20.47,20.48,20.47,20.47,788800.0,16147072.836,历史
20.47,20.49,20.47,20.47,844285.0,17283696.6929,历史
20.47,20.49,20.47,20.47,760300.0,15566361.8446,历史
20.47,20.47,20.47,20.47,298300.0,6106200.8974,历史
20.47,20.49,20.47,20.47,877982.0,17973885.3235,历史
20.48,20.5,20.47,20.47,1038800.0,21268735.8434,历史
20.47,20.48,20.47,20.47,559100.0,11444856.8362,历史
20.47,20.48,20.47,20.47,625900.0,12812298.4135,历史
20.48,20.49,20.47,20.47,922300.0,18885959.8795,历史
20.47,20.48,20.47,20.47,280800.0,5747981.9236,历史
20.47,20.47,20.47,20.47,120400.0,2464587.9525,历史
20.47,20.47,20.47,20.47,110100.0,2253746.9348,历史
20.47,20.47,20.47,20.47,100400.0,2055187.9391,历史
20.47,20.47,20.47,20.47,176200.0,3606813.9208,历史
20.47,20.47,20.47,20.47,165800.0,3393925.9256,历史
20.47,20.47,20.47,20.47,193700.0,3965038.9048,历史
20.47,20.47,20.47,20.47,179500.0,3674364.8834,历史
20.47,20.47,20.47,20.47,154200.0,3156473.9233,历史
20.47,20.47,20.47,20.47,239600.0,4904611.8804,历史
20.47,20.47,20.47,20.47,391400.0,8011957.8059,历史
20.47,20.47,20.47,20.47,501700.0,10269798.7322,历史
19.99,21.04,19.99,20.36,8932399.0,183266573.9104,历史
20.35,20.5,19.81,20.12,6050241.0,121469404.7007,历史
20.17,20.35,20.08,20.1,3324700.0,67042206.8176,历史
20.1,20.14,19.9,19.91,2844585.0,56936947.7532,历史
19.91,19.91,19.38,19.52,7964280.0,156393138.0781,历史
19.52,19.74,19.39,19.45,3191115.0,62429897.7667,历史
19.46,19.95,19.42,19.94,2511447.0,49653142.9573,历史
19.95,20.38,19.94,20.27,3733707.0,75535539.4691,历史
20.27,20.6,20.17,20.45,3946000.0,80730840.8778,历史
20.47,21.09,20.45,20.73,7459400.0,155769974.9795,历史
20.76,21.24,20.62,21.22,4972861.0,104562891.6628,历史
21.24,21.3,20.95,21.19,2897548.0,61179361.1932,历史
21.18,21.25,21.02,21.03,2939100.0,62189828.0754,历史
21.03,21.1,20.71,21.01,1838000.0,38470285.641,历史
21.04,22.1,21.04,21.79,7363940.0,159820470.0558,历史
21.79,21.86,21.4,21.55,2216500.0,48018946.1802,历史
21.55,21.57,21.28,21.28,1381000.0,29542886.9629,历史
21.28,21.47,21.24,21.32,929300.0,19861755.0,历史
21.33,21.35,21.05,21.3,1029060.0,21811169.9775,历史
21.31,21.47,21.21,21.47,436995.0,9301964.9936,历史
21.47,21.5,21.3,21.35,648500.0,13875363.9692,历史
21.36,21.46,21.23,21.25,628105.0,13411916.2699,历史
21.24,21.34,21.24,21.27,344800.0,7341572.021,历史
21.27,21.35,21.21,21.35,462100.0,9826960.9761,历史
21.35,21.6,21.18,21.53,1695600.0,36335527.9922,历史
21.53,21.6,21.37,21.48,912007.0,19608902.0517,历史
21.48,21.54,21.28,21.29,493000.0,10541174.9937,历史
21.29,21.35,21.09,21.11,557300.0,11837095.9863,历史
21.11,21.28,21.08,21.2,721100.0,15261809.9697,历史
21.2,21.44,21.17,21.26,685900.0,14619511.0527,历史
21.26,21.28,21.16,21.17,400600.0,8495806.979,历史
21.16,21.26,21.06,21.15,590300.0,12479271.98,历史
21.14,21.33,21.14,21.28,445900.0,9471827.9941,历史
21.29,21.3,21.21,21.28,362500.0,7709534.0308,历史
21.28,21.34,21.27,21.32,602000.0,12822359.061,历史
21.31,21.51,21.31,21.5,894900.0,19189709.9829,历史
21.51,21.58,21.43,21.43,960000.0,20647787.0254,历史
21.42,21.44,21.32,21.42,490700.0,10492080.9561,历史
21.42,21.45,21.35,21.36,361800.0,7744435.9938,历史
21.36,21.41,21.34,21.39,405100.0,8659293.9849,历史
21.39,21.47,21.36,21.44,749600.0,16058122.9414,历史
21.43,21.44,21.35,21.38,794100.0,16986944.4727,历史
21.39,21.45,21.38,21.42,541831.0,11604595.0161,历史
21.42,21.43,21.4,21.41,739400.0,15833860.0,历史
21.42,21.42,21.36,21.39,1012800.0,21663043.8823,历史
21.39,21.42,21.38,21.41,1360410.0,29103626.6865,历史
21.41,21.45,21.41,21.43,2233461.0,47865501.34,历史
21.42,21.44,21.35,21.35,2730539.0,58400065.7863,历史
21.14,22.82,21.14,21.9,20573173.0,457117016.324,历史
21.9,21.98,21.48,21.61,10024756.0,218196340.4758,历史
21.61,21.62,21.32,21.54,5408002.0,115950063.6168,历史
21.56,21.58,20.89,20.98,5433700.0,114716322.3688,历史
20.98,21.73,20.93,21.59,2982800.0,63708858.8666,历史
21.58,22.35,21.57,21.85,3689209.0,81034437.2737,历史
21.83,22.49,21.82,22.04,4015208.0,89278775.4595,历史
22.05,22.26,21.97,22.12,2007500.0,44390260.9943,历史
22.13,22.28,22.07,22.19,1430000.0,31724612.9789,历史
22.19,22.29,22.07,22.27,1928255.0,42727325.0191,历史
22.29,22.3,22.11,22.17,1115794.0,24795431.5168,历史
22.18,22.48,22.17,22.4,2444855.0,54694384.5776,历史
22.4,22.44,22.27,22.38,1423500.0,31812253.0293,历史
22.38,22.39,22.16,22.18,1018900.0,22681581.01,历史
22.19,22.42,22.14,22.29,1288500.0,28725048.9224,历史
22.29,22.38,22.22,22.27,1207000.0,26902091.125,历史
22.27,22.38,22.2,22.35,959200.0,21376972.9893,历史
22.36,22.6,22.28,22.57,2621300.0,58912975.584,历史
22.55,22.58,22.32,22.37,841100.0,18892820.0049,历史
22.38,22.49,22.32,22.32,749900.0,16790589.9448,历史
22.32,22.35,22.25,22.28,605900.0,13510867.0073,历史
22.28,22.4,22.25,22.31,440600.0,9827088.0151,历史
22.31,22.4,22.29,22.33,456800.0,10199683.9985,历史
22.35,22.37,22.2,22.22,625000.0,13915953.9191,历史
22.22,22.33,22.05,22.1,1486400.0,32942566.9419,历史
22.11,22.12,21.83,22.02,2040300.0,44798578.9248,历史
22.02,22.09,21.84,21.97,1290648.0,28327288.3384,历史
21.97,22.0,21.7,21.86,1362710.0,29762566.2569,历史
21.86,21.98,21.85,21.95,811890.0,17794080.3706,历史
21.95,21.97,21.73,21.83,1103600.0,24087279.9854,历史
21.83,21.96,21.8,21.89,813600.0,17807393.9893,历史
21.88,21.95,21.8,21.8,636300.0,13920818.96,历史
21.8,21.85,21.67,21.76,1456900.0,31690749.0425,历史
21.76,21.88,21.75,21.83,431100.0,9405942.0308,历史
21.83,21.93,21.75,21.82,593400.0,12960847.9873,历史
21.79,21.85,21.72,21.81,609500.0,13267897.0005,历史
21.8,21.83,21.72,21.76,627800.0,13660718.0166,历史
21.75,21.77,21.7,21.74,655800.0,14251348.9297,历史
21.75,21.96,21.74,21.91,801500.0,17487913.9897,历史
21.91,21.93,21.77,21.83,713000.0,15578685.0308,历史
21.82,21.95,21.82,21.94,877400.0,19223527.0016,历史
21.94,22.24,21.92,22.22,2102300.0,46504874.9214,历史
22.23,22.5,22.15,22.38,2775662.0,62116721.0861,历史
22.38,22.8,22.36,22.66,4981620.0,112634887.5227,历史
22.66,22.66,22.46,22.5,1810900.0,40840928.9761,历史
22.5,22.59,22.41,22.58,1900941.0,42761630.6351,历史
22.59,22.6,22.43,22.47,2298616.0,51657246.0445,历史
22.47,22.49,22.45,22.48,2360042.0,53038014.1865,历史
22.55,22.58,21.52,21.83,11998163.0,263772505.1682,历史
21.83,22.34,21.68,22.34,6447937.0,141552636.8556,历史
22.34,22.4,21.99,22.03,2616600.0,57793628.9517,历史
22.02,22.08,21.65,21.76,4319300.0,94235434.1694,历史
21.76,22.14,21.74,21.74,2092400.0,45897078.9507,历史
21.75,21.85,21.5,21.66,5336824.0,115337970.9643,历史
21.66,22.1,21.66,22.03,2527199.0,55183776.0545,历史
22.03,22.3,21.98,22.1,3257794.0,72103753.9908,历史
22.1,22.3,21.92,22.1,1605419.0,35550769.2639,历史
22.12,22.2,21.95,21.95,1136000.0,25084265.2168,历史
21.95,21.95,21.8,21.85,1198915.0,26203000.7736,历史
21.84,22.06,21.8,21.95,1218300.0,26743353.0105,历史
21.96,22.44,21.84,22.35,2162200.0,48012908.7924,历史
22.35,22.37,22.1,22.24,1706600.0,38003981.0532,历史
22.24,22.61,22.15,22.33,3504744.0,78637576.6854,历史
22.33,22.59,22.33,22.53,3157564.0,71021940.5632,历史
22.53,22.53,22.3,22.41,1401636.0,31422989.0204,历史
22.41,22.47,22.28,22.3,887000.0,19854528.9951,历史
22.3,22.68,22.2,22.58,1743775.0,39235159.837,历史
22.59,22.8,22.52,22.73,3029054.0,68660148.7314,历史
22.73,22.98,22.66,22.93,3879097.0,88655203.34,历史
22.93,22.95,22.69,22.87,1507200.0,34355902.185,历史
22.86,22.87,22.58,22.73,1389954.0,31559534.7705,历史
22.7,23.29,22.68,23.27,3238431.0,74610715.1217,历史
23.26,23.49,23.0,23.1,5625100.0,130693331.6624,历史
23.1,23.29,22.95,22.95,1544300.0,35683539.73,历史
22.95,23.16,22.94,23.01,1345500.0,31000309.9703,历史
23.01,23.11,22.85,22.91,1258700.0,28914620.9819,历史
22.9,23.1,22.88,23.06,944917.0,21704066.4677,历史
23.06,23.22,23.01,23.13,1368778.0,31653618.8999,历史
23.13,23.13,22.8,23.0,1602080.0,36664833.4156,历史
22.99,23.14,22.98,23.12,1131800.0,26069338.0605,历史
23.13,23.13,23.0,23.0,964800.0,22236506.0176,历史
23.0,23.02,22.94,22.99,993900.0,22853377.107,历史
22.97,22.99,22.7,22.83,1346600.0,30726867.0664,历史
22.84,23.0,22.65,23.0,1632652.0,37171724.761,历史
23.0,23.02,22.87,22.94,794200.0,18238853.9807,历史
22.95,23.01,22.93,22.99,888400.0,20420320.9995,历史
22.99,23.0,22.91,22.91,608600.0,13968219.6118,历史
22.9,22.94,22.83,22.9,624600.0,14298745.9727,历史
22.91,23.0,22.86,22.95,622700.0,14281357.2166,历史
22.94,22.94,22.88,22.9,653200.0,14959988.9893,历史
22.89,22.91,22.71,22.72,1002900.0,22908666.5036,历史
22.71,22.74,22.47,22.65,2272000.0,51396518.8861,历史
22.65,22.72,22.61,22.72,1341600.0,30389556.317,历史
22.72,22.83,22.68,22.73,1592355.0,36189511.9379,历史
22.73,22.74,22.67,22.68,2683545.0,60932751.3721,历史
22.68,22.8,22.57,22.72,2969732.0,67365866.2976,历史
22.25,22.52,21.95,22.32,9193882.0,204526359.5985,历史
22.32,22.65,22.11,22.36,3939288.0,88079988.0091,历史
22.39,22.44,21.88,21.88,4324500.0,95708518.0537,历史
21.89,22.15,21.57,22.15,4868600.0,106180932.8062,历史
22.14,22.47,22.12,22.3,2452097.0,54636912.7864,历史
22.32,22.39,22.05,22.12,1548475.0,34311412.9429,历史
22.12,22.28,22.01,22.19,1689200.0,37392239.0391,历史
22.19,22.2,21.94,22.07,1610915.0,35498356.2389,历史
22.06,22.13,21.95,22.13,1039000.0,22870719.002,历史
22.08,22.13,21.95,22.0,1050400.0,23108416.8931,历史
22.0,22.01,21.81,21.96,1637300.0,35871751.2664,历史
21.95,22.1,21.92,22.0,1107200.0,24361822.0811,历史
22.0,22.12,21.88,22.1,1524004.0,33485652.9329,历史
22.09,22.22,22.04,22.11,1789110.0,39594814.3511,历史
22.11,22.12,21.99,22.01,1047000.0,23065325.0386,历史
22.01,22.02,21.9,21.94,1122600.0,24654234.9644,历史
21.95,22.09,21.94,21.97,851400.0,18727100.8931,历史
21.97,22.07,21.93,21.94,894800.0,19689231.9976,历史
21.94,21.98,21.84,21.9,1065200.0,23324845.8374,历史
21.9,21.99,21.81,21.99,1160600.0,25372943.0059,历史
21.99,22.05,21.9,22.01,537810.0,11819823.4132,历史
22.02,22.19,22.0,22.11,874100.0,19309057.0547,历史
22.11,22.27,22.06,22.11,743800.0,16496187.9849,历史
22.11,22.13,22.07,22.11,424350.0,9377321.5164,历史
22.12,22.2,21.93,21.94,1035450.0,22822658.0225,历史
21.97,22.08,21.93,21.95,565999.0,12443421.0199,历史
21.95,21.98,21.86,21.96,633901.0,13888269.9203,历史
21.96,22.03,21.9,21.9,732200.0,16083688.9395,历史
21.9,21.96,21.82,21.89,1181155.0,25837260.6655,历史
21.88,21.99,21.86,21.88,473500.0,10369426.9512,历史
21.88,21.88,21.71,21.71,1336945.0,29164708.5454,历史
21.71,21.8,21.63,21.78,1731300.0,37571023.0864,历史
21.78,21.83,21.72,21.79,959700.0,20898276.0703,历史
21.78,21.81,21.68,21.72,864100.0,18769134.9888,历史
21.72,21.82,21.7,21.82,599300.0,13038381.0234,历史
21.8,21.91,21.78,21.86,658300.0,14384924.9844,历史
21.85,21.89,21.75,21.76,520100.0,11347529.9951,历史
21.77,21.86,21.72,21.85,458500.0,9990657.9995,历史
21.84,21.9,21.79,21.81,636000.0,13896133.9614,历史
21.81,21.82,21.75,21.78,476200.0,10372736.9751,历史
21.78,21.78,21.69,21.7,722600.0,15701840.9595,历史
21.7,21.71,21.62,21.64,1110500.0,24039755.6482,历史
21.65,21.68,21.6,21.61,1459100.0,31556643.6013,历史
21.6,21.7,21.56,21.56,1339941.0,28964873.9934,历史
21.56,21.56,21.37,21.47,3575700.0,76773827.1416,历史
21.47,21.68,21.37,21.55,2229648.0,47929248.6993,历史
21.54,21.55,21.3,21.45,2268000.0,48623945.9023,历史
21.45,21.61,21.45,21.57,1911503.0,41208424.6187,历史
21.91,22.15,21.24,21.27,7198600.0,156284698.4103,历史
21.27,21.84,21.25,21.53,3018495.0,64981216.5393,历史
21.54,21.6,21.12,21.5,3122069.0,66645597.1101,历史
21.5,21.51,20.95,20.96,2766862.0,58490313.2388,历史
20.96,21.08,20.8,20.91,3365360.0,70394012.424,历史
20.91,21.23,20.8,21.08,1558700.0,32791379.9766,历史
21.08,21.18,20.94,21.16,927600.0,19522424.6342,历史
21.16,21.38,21.07,21.22,1312300.0,27849180.9771,历史
21.22,21.23,20.92,21.09,1308920.0,27489650.1357,历史
21.08,21.14,20.95,21.14,683600.0,14378330.7894,历史
21.14,21.14,20.79,20.95,1730980.0,36169008.7729,历史
20.94,21.0,20.85,20.87,757900.0,15833256.9888,历史
20.87,21.22,20.86,21.12,1153800.0,24294131.041,历史
21.13,21.19,21.02,21.15,706000.0,14913854.0059,历史
21.15,21.16,20.91,20.93,754800.0,15867177.0156,历史
20.93,21.01,20.9,20.94,791300.0,16584262.917,历史
20.94,20.95,20.63,20.67,2090900.0,43535039.7706,历史
20.67,20.91,20.66,20.88,1087700.0,22638600.9199,历史
20.88,20.96,20.75,20.76,1090600.0,22721655.9868,历史
20.77,20.82,20.6,20.69,1453200.0,30047555.9731,历史
20.68,20.83,20.62,20.82,1135700.0,23514360.1172,历史
20.82,20.83,20.68,20.71,666100.0,13835113.0776,历史
20.73,20.85,20.67,20.8,660554.0,13703986.2964,历史
20.79,20.89,20.77,20.84,590900.0,12310687.9927,历史
20.84,21.0,20.8,20.83,803600.0,16787045.7173,历史
20.83,20.95,20.72,20.73,764900.0,15930577.0401,历史
20.74,20.79,20.66,20.74,766008.0,15880160.7636,历史
20.72,20.83,20.67,20.69,734700.0,15225717.0236,历史
20.68,20.69,20.53,20.56,1523728.0,31387338.6272,历史
20.56,20.64,20.53,20.56,1032300.0,21245392.0347,历史
20.57,20.79,20.56,20.73,658196.0,13622655.3026,历史
20.73,20.74,20.62,20.62,647200.0,13377793.9932,历史
20.62,20.75,20.59,20.7,944200.0,19493227.2959,历史
20.69,20.71,20.58,20.58,620100.0,12809138.0063,历史
20.58,20.69,20.58,20.63,904800.0,18666590.5303,历史
20.64,20.65,20.61,20.61,453500.0,9352865.0259,历史
20.62,20.62,20.56,20.59,753800.0,15516302.0089,历史
20.59,20.67,20.58,20.58,590100.0,12168173.0137,历史
20.58,20.59,20.45,20.5,1788400.0,36678293.8563,历史
20.5,20.52,20.45,20.48,977100.0,20010204.7666,历史
20.49,20.49,20.45,20.48,1035900.0,21201469.4772,历史
20.48,20.49,20.38,20.41,1900800.0,38818657.8358,历史
20.41,20.42,20.34,20.35,1425700.0,29052182.891,历史
20.34,20.39,20.2,20.34,2032500.0,41232996.8687,历史
20.34,20.35,20.2,20.22,1652800.0,33517709.7563,历史
20.22,20.23,20.2,20.21,2009300.0,40612767.0909,历史
20.22,20.22,20.04,20.11,3167919.0,63721544.6489,历史
20.11,20.12,20.0,20.0,2749700.0,55066320.124,历史
20.0,20.87,20.0,20.82,10186396.0,208683319.5126,历史
20.8,22.0,20.44,21.83,13851755.0,296713116.0185,历史
21.83,22.0,21.71,22.0,14774810.0,324776550.2121,历史
22.0,22.0,22.0,22.0,1175215.0,25854730.0,历史
22.0,22.0,22.0,22.0,794900.0,17487800.0,历史
22.0,22.0,22.0,22.0,611500.0,13453000.0,历史
22.0,22.0,22.0,22.0,450900.0,9919800.0,历史
22.0,22.0,22.0,22.0,287900.0,6333800.0,历史
22.0,22.0,22.0,22.0,546900.0,12031800.0,历史
22.0,22.0,21.18,21.42,7911331.0,171874670.8896,历史
21.42,21.51,21.0,21.01,6834762.0,145775581.6444,历史
21.01,21.24,21.0,21.08,3791279.0,80113370.502,历史
21.08,21.29,21.05,21.23,2301879.0,48746693.0009,历史
21.23,21.39,21.12,21.32,1819818.0,38619584.9527,历史
21.31,21.35,21.16,21.18,1193900.0,25374681.9653,历史
21.19,21.2,20.77,20.79,1743900.0,36680021.9673,历史
20.79,21.15,20.7,21.08,2196800.0,45976328.9551,历史
21.08,21.16,20.9,21.11,829400.0,17436383.0107,历史
21.12,21.24,21.1,21.14,728539.0,15424773.4073,历史
21.1,21.16,20.98,21.01,764400.0,16114003.9756,历史
21.0,21.21,21.0,21.13,559300.0,11816989.7838,历史
21.13,21.15,20.99,21.14,581700.0,12252285.9834,历史
21.15,21.19,21.1,21.19,379120.0,8015535.9912,历史
21.18,21.25,21.1,21.25,431180.0,9115878.8665,历史
21.25,21.34,21.06,21.1,1102100.0,23370778.0234,历史
21.1,21.17,20.99,20.99,791600.0,16680393.0469,历史
21.0,21.0,20.86,20.86,829500.0,17364898.9736,历史
20.86,21.0,20.76,20.91,837720.0,17466209.156,历史
20.91,21.12,20.91,21.05,417300.0,8770939.9829,历史
21.05,21.05,21.02,21.03,347700.0,7314820.064,历史
21.03,21.04,20.88,21.02,512200.0,10744762.9951,历史
21.03,21.03,20.93,21.01,267700.0,5622099.9946,历史
21.01,21.05,21.0,21.04,316900.0,6665009.0742,历史
21.04,21.08,21.03,21.08,245200.0,5160873.0483,历史
21.09,21.16,21.06,21.08,381500.0,8054677.9956,历史
21.06,21.09,21.0,21.04,306600.0,6448016.0347,历史
21.04,21.05,20.92,20.93,474700.0,9963223.2638,历史
20.93,21.04,20.92,21.0,248600.0,5221232.0181,历史
21.0,21.01,20.97,20.98,390400.0,8195810.8151,历史
20.99,21.0,20.92,20.93,342900.0,7186211.0015,历史
20.93,20.97,20.91,20.95,355600.0,7446108.002,历史
20.94,20.95,20.91,20.93,556900.0,11655006.0215,历史
20.93,20.95,20.91,20.91,539000.0,11284434.649,历史
20.92,20.92,20.77,20.78,1542376.0,32132918.2437,历史
20.78,20.79,20.74,20.75,946046.0,19646872.0637,历史
20.75,20.75,20.7,20.74,1078354.0,22343542.538,历史
20.74,20.96,20.73,20.95,1797517.0,37520848.4659,历史
20.96,20.97,20.85,20.85,1666455.0,34824619.6677,历史
20.61,21.26,19.88,20.0,14263035.0,291422806.7263,历史
20.0,20.65,19.99,20.65,5832075.0,118631133.6118,历史
20.65,21.06,20.45,20.86,4301862.0,89367217.178,历史
20.88,21.15,20.73,20.75,5061500.0,106131919.3652,历史
20.74,20.9,20.3,20.49,2601318.0,53704566.292,历史
20.48,20.83,20.37,20.56,1634900.0,33738871.0442,历史
20.57,20.75,20.43,20.52,1223800.0,25189220.9965,历史
20.52,20.62,20.45,20.55,919400.0,18884505.2325,历史
20.55,20.84,20.47,20.47,1329800.0,27499883.0317,历史
20.46,20.52,20.34,20.36,1251300.0,25556075.9111,历史
20.37,20.4,20.06,20.06,1575882.0,31893194.3713,历史
20.06,20.27,20.03,20.25,1308293.0,26348842.7218,历史
20.24,20.24,20.01,20.08,1439807.0,28949854.5515,历史
20.08,20.34,20.08,20.17,1027100.0,20759890.9653,历史
20.16,20.27,20.11,20.14,646600.0,13042707.9705,历史
20.13,20.14,19.86,19.86,2627900.0,52542386.9565,历史
19.86,19.93,19.73,19.9,2211800.0,43847769.9447,历史
19.9,20.0,19.81,19.81,912900.0,18174892.9816,历史
19.81,19.95,19.8,19.9,823700.0,16355640.8934,历史
19.89,20.31,19.88,20.3,869100.0,17397332.9823,历史
20.28,20.72,20.18,20.48,2647959.0,54230212.1813,历史
20.49,20.67,20.23,20.34,975200.0,19934037.0502,历史
20.34,20.38,20.2,20.3,339300.0,6883194.0084,历史
20.3,20.35,20.23,20.33,388600.0,7883973.0137,历史
20.29,20.34,19.93,19.99,779400.0,15642910.0515,历史
19.99,20.0,19.88,19.88,836900.0,16683341.947,历史
19.89,19.93,19.85,19.85,772700.0,15375280.2931,历史
19.85,19.9,19.8,19.82,1189300.0,23606964.0022,历史
19.82,19.83,19.63,19.72,1525900.0,30101333.9506,历史
19.71,19.83,19.65,19.77,1055921.0,20855188.6735,历史
19.77,19.89,19.75,19.88,809200.0,16058487.0875,历史
19.86,19.88,19.75,19.88,610100.0,12081040.015,历史
19.87,19.98,19.83,19.86,525000.0,10443497.9711,历史
19.85,19.87,19.78,19.78,504100.0,9995934.0343,历史
19.78,19.83,19.77,19.8,337400.0,6678493.0861,历史
19.8,19.88,19.78,19.78,638900.0,12656758.0458,历史
19.78,19.79,19.67,19.73,888700.0,17534832.0345,历史
19.72,19.73,19.65,19.66,578600.0,11386018.9749,历史
19.67,19.73,19.61,19.68,942200.0,18505776.9425,历史
19.68,19.72,19.62,19.7,732100.0,14401000.9174,历史
19.71,19.71,19.61,19.62,691942.0,13589113.1046,历史
19.62,19.67,19.6,19.67,569000.0,11163741.9955,历史
19.67,19.77,19.66,19.7,731500.0,14414199.9994,历史
19.69,19.86,19.69,19.84,538400.0,10651635.9393,历史
19.84,19.85,19.69,19.7,782600.0,15452447.8839,历史
19.7,19.7,19.6,19.63,1447171.0,28416513.6705,历史
19.62,19.62,19.51,19.59,2683382.0,52528969.2155,历史
19.59,19.75,19.56,19.7,1876200.0,36868787.2526,历史
19.45,19.56,18.81,19.21,7573490.0,145512366.8054,历史
19.22,19.38,18.85,18.93,3989707.0,76092184.8962,历史
18.94,19.04,18.6,18.62,5060612.0,95174033.8391,历史
18.62,18.81,18.46,18.47,3701261.0,68975852.197,历史
18.47,18.48,17.95,18.41,7065462.0,128891435.8583,历史
18.4,18.42,18.15,18.36,2257177.0,41297116.8331,历史
18.36,18.37,17.98,17.99,2240410.0,40559396.5877,历史
17.98,18.1,17.8,17.85,3113000.0,55872559.5779,历史
17.85,17.87,17.73,17.74,6115291.0,108520440.2214,历史
17.74,17.91,17.73,17.83,1782500.0,31689569.9631,历史
17.83,17.92,17.76,17.9,1211928.0,21584094.1789,历史
17.91,18.15,17.85,18.08,1312400.0,23644008.8538,历史
18.09,18.19,18.06,18.12,992200.0,17985602.0039,历史
18.12,18.26,18.11,18.26,928684.0,16903496.3506,历史
18.25,18.46,18.2,18.23,1554500.0,28535399.6533,历史
18.2,18.24,18.03,18.06,752000.0,13643151.8652,历史
18.06,18.21,18.04,18.07,655500.0,11869248.9521,历史
18.07,18.08,17.92,18.0,814500.0,14657328.0264,历史
18.01,18.18,17.97,18.06,454000.0,8208068.9843,历史
18.07,18.2,18.07,18.19,432300.0,7836469.0507,历史
18.18,18.52,18.18,18.49,1103900.0,20272211.9279,历史
18.49,18.52,18.3,18.4,976400.0,18017956.9139,历史
18.41,18.44,18.3,18.41,703400.0,12923374.9666,历史
18.41,18.46,18.27,18.27,594800.0,10943334.0172,历史
18.27,18.28,18.13,18.18,1075400.0,19552531.9728,历史
18.17,18.22,18.09,18.14,532800.0,9672570.0264,历史
18.14,18.2,18.11,18.15,543900.0,9873355.656,历史
18.15,18.16,18.08,18.11,499000.0,9039932.9415,历史
18.1,18.14,18.05,18.06,563800.0,10197412.0193,历史
18.07,18.09,17.99,18.0,712700.0,12845066.1143,历史
17.99,18.0,17.91,17.92,1030300.0,18493275.9402,历史
17.92,17.96,17.91,17.93,457200.0,8200553.0107,历史
17.94,17.95,17.86,17.94,763594.0,13674135.9445,历史
17.95,17.95,17.85,17.9,570800.0,10217388.9474,历史
17.89,18.05,17.86,18.05,838143.0,15044302.7498,历史
18.05,18.09,17.98,18.01,387000.0,6980636.5651,历史
18.01,18.04,17.98,18.0,392300.0,7064430.0499,历史
18.0,18.03,17.94,17.95,591800.0,10634811.9668,历史
17.95,17.96,17.88,17.89,733300.0,13128480.9215,历史
17.9,17.93,17.88,17.93,475200.0,8505971.9553,历史
17.93,17.97,17.89,17.97,462000.0,8282147.9166,历史
17.96,17.98,17.88,17.9,389400.0,6971510.881,历史
17.89,17.92,17.85,17.86,713604.0,12756650.4582,历史
17.86,17.9,17.85,17.86,964568.0,17241702.8884,历史
17.86,17.86,17.74,17.78,2177500.0,38753312.9785,历史
17.79,17.82,17.73,17.75,1699469.0,30193484.7337,历史
17.75,17.78,17.74,17.74,1487000.0,26396048.5809,历史
17.74,17.74,17.73,17.73,1908900.0,33850471.9427,历史
17.73,17.73,17.1,17.47,8001799.0,139754730.3098,历史
17.47,17.64,17.38,17.61,2461700.0,43246342.9215,历史
17.62,17.66,17.26,17.32,3363796.0,58666665.8703,历史
17.31,17.35,16.89,16.92,7422016.0,126677279.5521,历史
16.9,17.03,16.76,16.94,6775738.0,114244513.9969,历史
16.94,16.98,16.68,16.71,2976619.0,49911532.9465,历史
16.71,16.8,16.67,16.75,2398315.0,40123190.6953,历史
16.75,16.77,16.66,16.72,1742500.0,29099913.8148,历史
16.72,16.89,16.7,16.89,1485700.0,24924550.1719,历史
16.88,16.92,16.75,16.84,1160538.0,19531540.6985,历史
16.84,16.85,16.68,16.69,1000941.0,16760874.6355,历史
16.7,16.71,16.58,16.6,1720300.0,28629319.1181,历史
16.6,16.61,16.39,16.45,3892900.0,64223668.5338,历史
16.46,16.46,16.34,16.42,2309400.0,37827269.2903,历史
16.42,16.46,16.34,16.45,1349600.0,22128303.0754,历史
16.44,16.45,16.2,16.27,1314185.0,21430714.4843,历史
16.27,16.33,16.19,16.33,1591457.0,25863613.8439,历史
16.33,16.35,16.19,16.19,1184100.0,19233398.5951,历史
16.19,16.21,16.11,16.15,1845165.0,29806107.7497,历史
16.15,16.25,16.1,16.24,978202.0,15797213.6276,历史
16.25,16.27,16.13,16.13,738900.0,11949261.9246,历史
16.14,16.19,16.08,16.09,922400.0,14875653.9365,历史
16.09,16.21,16.07,16.21,657925.0,10608949.9701,历史
16.21,16.36,16.2,16.26,682400.0,11112103.0449,历史
16.26,16.4,16.24,16.31,1332113.0,21736166.5159,历史
16.32,16.5,16.3,16.48,1240500.0,20318187.8363,历史
16.49,16.54,16.45,16.49,795200.0,13115732.9038,历史
16.51,16.51,16.33,16.37,517100.0,8479674.9551,历史
16.37,16.37,16.29,16.32,449300.0,7330729.9696,历史
16.31,16.47,16.3,16.43,483000.0,7924070.983,历史
16.44,16.45,16.35,16.45,415200.0,6813553.978,历史
16.45,16.59,16.42,16.58,870100.0,14360880.8495,历史
16.58,16.59,16.52,16.58,783900.0,12982471.9086,历史
16.59,16.73,16.59,16.72,1149200.0,19150557.9619,历史
16.73,16.78,16.69,16.69,991300.0,16595221.9124,历史
16.68,16.84,16.67,16.82,860300.0,14413154.9407,历史
16.83,16.87,16.78,16.84,980400.0,16501994.147,历史
16.84,16.92,16.75,16.83,1053300.0,17753191.9274,历史
16.83,16.92,16.79,16.88,648000.0,10922416.9225,历史
16.88,16.92,16.7,16.72,1167400.0,19661636.7819,历史
16.73,16.84,16.72,16.8,698200.0,11722703.9961,历史
16.81,16.86,16.8,16.84,591800.0,9959813.5607,历史
16.84,16.86,16.77,16.81,1019000.0,17124716.3433,历史
16.81,16.86,16.8,16.84,687700.0,11574262.0007,历史
16.84,16.93,16.83,16.92,1088300.0,18370349.8737,历史
16.92,16.93,16.87,16.9,845868.0,14286226.792,历史
16.89,16.89,16.82,16.85,1398432.0,23572416.1431,历史
16.86,16.89,16.83,16.88,1633910.0,27552793.7985,历史
16.55,16.8,16.4,16.58,6317600.0,104720716.8889,历史
16.58,16.88,16.48,16.86,3782200.0,63102082.9945,历史
16.86,17.0,16.79,16.88,3569000.0,60328444.2303,历史
16.88,17.02,16.87,16.95,1978500.0,33554381.6582,历史
16.95,16.97,16.83,16.86,1238200.0,20913552.9904,历史
16.87,16.89,16.63,16.66,1658900.0,27863845.2308,历史
16.66,16.89,16.59,16.78,1659619.0,27709372.1025,历史
16.78,16.81,16.59,16.64,1329100.0,22134747.9148,历史
16.64,16.64,16.46,16.5,1881800.0,31084401.0239,历史
16.5,16.68,16.49,16.66,1009800.0,16792285.0049,历史
16.66,16.7,16.6,16.61,825600.0,13747550.0191,历史
16.6,16.65,16.55,16.6,739000.0,12268281.0146,历史
16.59,16.62,16.49,16.5,1054300.0,17432816.0289,历史
16.5,16.57,16.45,16.54,1181100.0,19470511.7894,历史
16.54,16.62,16.53,16.59,697400.0,11559951.1899,历史
16.59,16.77,16.59,16.75,903443.0,15071986.2991,历史
16.76,16.87,16.72,16.78,1104681.0,18566707.3802,历史
16.78,16.8,16.74,16.76,507500.0,8511405.175,历史
16.75,16.81,16.73,16.75,506300.0,8492102.1321,历史
16.75,16.82,16.69,16.81,467100.0,7824034.0215,历史
16.81,16.81,16.68,16.69,401300.0,6712082.0674,历史
16.69,16.72,16.67,16.71,391500.0,6533684.0535,历史
16.7,16.72,16.66,16.67,298600.0,4986347.9746,历史
16.66,16.72,16.63,16.71,538500.0,8971237.9406,历史
16.7,16.75,16.58,16.59,682071.0,11359167.0295,历史
16.59,16.65,16.57,16.6,463300.0,7690633.0339,历史
16.61,16.66,16.6,16.65,349600.0,5817860.9569,历史
16.64,16.66,16.6,16.61,312017.0,5190434.3781,历史
16.61,16.63,16.58,16.62,383283.0,6362642.5232,历史
16.62,16.62,16.58,16.58,457700.0,7595875.0068,历史
16.59,16.6,16.55,16.56,666000.0,11039118.9553,历史
16.55,16.58,16.45,16.45,1167768.0,19270476.7209,历史
16.45,16.54,16.44,16.5,1002300.0,16520982.9286,历史
16.49,16.54,16.4,16.44,987600.0,16240194.9619,历史
16.43,16.46,16.42,16.44,509600.0,8376955.0249,历史
16.43,16.44,16.37,16.37,1059800.0,17378971.7794,历史
16.38,16.38,16.31,16.36,937204.0,15314777.9779,历史
16.36,16.36,16.28,16.29,979300.0,15971619.8906,历史
16.29,16.35,16.28,16.32,594000.0,9690092.8993,历史
16.32,16.42,16.32,16.41,472900.0,7742418.028,历史
16.41,16.42,16.36,16.38,431700.0,7073348.9982,历史
16.37,16.38,16.32,16.33,464800.0,7597939.0387,历史
16.32,16.34,16.26,16.32,872885.0,14227533.1562,历史
16.32,16.35,16.28,16.3,568800.0,9274387.937,历史
16.3,16.3,16.2,16.22,1174863.0,19082864.9665,历史
16.22,16.32,16.2,16.25,1225867.0,19946490.0963,历史
16.26,16.28,16.21,16.23,1403800.0,22806450.5109,历史
16.23,16.26,16.22,16.22,1291600.0,20960415.5229,历史
15.98,16.06,15.58,15.86,5533200.0,87691614.8692,历史
15.86,15.89,15.55,15.6,3023200.0,47505029.5053,历史
15.6,15.69,15.51,15.63,2316054.0,36093384.1521,历史
15.63,15.75,15.43,15.44,2348300.0,36474180.0,历史
15.44,15.5,15.34,15.38,2392200.0,36849179.0,历史
15.38,15.38,15.19,15.29,2470431.0,37711695.4399,历史
15.29,15.4,15.26,15.39,1243600.0,19058730.0,历史
15.4,15.45,15.32,15.36,1000900.0,15409349.0,历史
15.35,15.43,15.33,15.43,664300.0,10215391.0,历史
15.43,15.54,15.27,15.28,733500.0,11319403.9938,历史
15.28,15.36,15.24,15.36,580000.0,8860286.9946,历史
15.35,15.53,15.34,15.47,641800.0,9926202.0,历史
15.47,15.49,15.34,15.34,656600.0,10111352.0,历史
15.36,15.52,15.35,15.41,658200.0,10159430.0,历史
15.41,15.42,15.28,15.29,375800.0,5768112.9991,历史
15.28,15.32,15.26,15.28,440100.0,6726183.0,历史
15.28,15.31,15.27,15.29,399200.0,6103130.0,历史
15.29,15.3,15.19,15.22,615140.0,9367547.889,历史
15.22,15.27,15.18,15.18,689400.0,10493966.0,历史
15.19,15.2,15.12,15.14,491200.0,7444946.0,历史
15.13,15.14,14.98,15.01,1512300.0,22736955.0,历史
15.0,15.14,15.0,15.07,721500.0,10879807.0,历史
15.06,15.12,15.03,15.11,573000.0,8634810.9975,历史
15.11,15.13,15.07,15.11,420100.0,6344171.0,历史
15.11,15.18,15.04,15.13,702600.0,10604732.0,历史
15.12,15.13,15.0,15.02,435201.0,6550296.0799,历史
15.02,15.09,15.0,15.0,777200.0,11680806.0,历史
15.0,15.06,14.94,14.95,1100900.0,16510656.0,历史
14.95,14.96,14.85,14.87,729500.0,10864582.0,历史
14.86,14.95,14.85,14.93,593910.0,8852339.3,历史
14.93,15.16,14.93,15.12,566100.0,8523941.0,历史
15.12,15.26,15.03,15.19,827700.0,12528935.0,历史
15.18,15.24,15.07,15.07,677100.0,10269493.0,历史
15.07,15.1,14.93,14.97,631300.0,9480969.0,历史
14.98,15.15,14.98,15.05,596100.0,8979126.0078,历史
15.05,15.12,15.01,15.12,510000.0,7682862.0,历史
15.1,15.1,14.96,14.97,688900.0,10342657.9969,历史
14.98,15.0,14.88,14.89,559000.0,8343802.0,历史
14.9,14.93,14.89,14.9,504500.0,7521635.0,历史
14.89,14.98,14.88,14.92,395900.0,5909722.0,历史
14.92,14.93,14.88,14.89,408600.0,6088258.0,历史
14.88,14.94,14.87,14.91,420400.0,6264390.0,历史
14.91,14.93,14.85,14.9,790200.0,11760121.0,历史
14.89,14.98,14.86,14.89,428200.0,6388672.0,历史
14.88,14.97,14.85,14.96,651900.0,9710475.62,历史
14.96,15.06,14.94,15.04,1179800.0,17709879.0,历史
15.04,15.04,14.91,14.97,1032900.0,15456826.0,历史
14.95,15.02,14.95,14.99,1285900.0,19272450.0,历史
14.98,15.24,14.95,15.03,4298200.0,64851964.9958,历史
15.03,15.12,14.9,14.95,1782200.0,26780535.0,历史
14.95,14.95,14.7,14.94,1938100.0,28686077.9961,历史
14.92,15.04,14.8,14.89,1337000.0,19933857.0,历史
14.89,15.01,14.82,14.99,778404.0,11615449.5982,历史
14.99,15.03,14.92,14.99,941600.0,14103984.0,历史
14.98,15.0,14.88,14.95,516300.0,7712734.0,历史
14.96,14.97,14.79,14.79,794200.0,11788181.0,历史
14.79,14.9,14.73,14.88,777100.0,11486413.0,历史
14.88,14.98,14.84,14.97,663900.0,9894092.9961,历史
14.97,15.08,14.94,15.02,1003300.0,15052662.0039,历史
15.03,15.04,14.9,15.0,471100.0,7047375.0,历史
15.0,15.15,15.0,15.03,1267600.0,19107018.0,历史
15.03,15.06,14.96,15.05,413600.0,6206005.0,历史
15.07,15.07,14.98,14.98,480700.0,7222306.0,历史
14.98,15.0,14.92,14.93,335200.0,5015257.0,历史
14.93,15.03,14.88,15.0,476900.0,7129224.0,历史
14.99,15.04,14.95,14.96,326700.0,4897079.0,历史
14.97,15.01,14.89,14.93,276900.0,4139328.5698,历史
14.91,14.95,14.84,14.86,478400.0,7120486.0,历史
14.86,14.86,14.73,14.77,669700.0,9901447.9997,历史
14.76,14.81,14.71,14.74,652784.0,9635597.5081,历史
14.74,14.74,14.63,14.65,620600.0,9111165.0,历史
14.65,14.8,14.65,14.8,249900.0,3678847.0,历史
14.79,15.05,14.79,15.04,703900.0,10538002.0039,历史
15.04,15.18,14.99,15.17,1088000.0,16392335.0039,历史
15.17,15.18,15.04,15.08,727200.0,10995669.0,历史
15.08,15.14,15.01,15.05,699200.0,10539058.0,历史
15.05,15.14,15.04,15.11,434100.0,6550288.0,历史
15.11,15.25,15.1,15.21,995800.0,15124286.0,历史
15.2,15.35,15.18,15.25,1203139.0,18384003.4093,历史
15.26,15.31,15.22,15.23,829700.0,12660176.0,历史
15.23,15.25,15.17,15.22,719100.0,10930185.25,历史
15.22,15.22,15.12,15.17,575400.0,8725073.0,历史
15.16,15.18,15.07,15.1,428800.0,6481817.9971,历史
15.11,15.19,15.09,15.16,458600.0,6943475.0,历史
15.17,15.2,15.14,15.2,445500.0,6760177.0,历史
15.2,15.32,15.19,15.25,1122300.0,17149300.0,历史
15.25,15.29,15.24,15.29,1166400.0,17815406.0156,历史
15.29,15.29,15.2,15.22,950300.0,14493680.0,历史
15.22,15.22,15.13,15.17,394300.0,5980382.0,历史
15.17,15.22,15.16,15.2,369800.0,5613862.0,历史
15.2,15.38,15.19,15.36,1244600.0,19054981.0,历史
15.36,15.36,15.32,15.35,638600.0,9803395.0,历史
15.36,15.38,15.28,15.32,747100.0,11457373.0,历史
15.32,15.37,15.31,15.36,671560.0,10303840.002,历史
15.36,15.42,15.33,15.42,1355500.0,20832127.4086,历史
15.41,15.45,15.36,15.39,2450696.0,37777673.4791,历史
15.08,15.31,14.76,14.9,7848656.0,117510869.8074,历史
14.89,14.89,14.71,14.8,3757362.0,55540119.6055,历史
14.8,15.02,14.75,15.0,2218000.0,33017850.0,历史
15.01,15.14,14.98,15.08,1921500.0,28948328.0039,历史
15.07,15.12,15.01,15.09,1123300.0,16923363.0,历史
15.09,15.18,15.08,15.12,1065200.0,16123903.0,历史
15.11,15.16,14.97,14.98,1165900.0,17583048.0,历史
14.98,14.98,14.82,14.85,1173200.0,17472075.0,历史
14.84,14.87,14.78,14.86,1273300.0,18873874.0,历史
14.86,14.92,14.83,14.89,752600.0,11200742.0,历史
14.9,15.02,14.88,15.02,546600.0,8175531.0,历史
15.02,15.04,14.97,14.99,574400.0,8621767.0,历史
14.97,15.03,14.97,15.02,585100.0,8777149.0,历史
15.03,15.03,14.95,14.95,462300.0,6930578.0,历史
14.94,14.98,14.9,14.9,386239.0,5768221.0489,历史
14.91,14.97,14.87,14.87,424400.0,6325569.0,历史
14.87,14.87,14.8,14.83,799800.0,11860700.0,历史
14.83,14.85,14.77,14.79,687800.0,10184272.0,历史
14.78,14.8,14.72,14.72,848500.0,12523012.9967,历史
14.72,14.74,14.68,14.7,873400.0,12844073.0,历史
14.7,14.73,14.65,14.73,641600.0,9419040.0,历史
14.73,14.73,14.54,14.56,1351000.0,19764718.9961,历史
14.56,14.58,14.51,14.54,870300.0,12658753.0,历史
14.54,14.66,14.53,14.65,364900.0,5326556.0,历史
14.65,14.68,14.44,14.44,1473541.0,21428164.0363,历史
14.45,14.45,14.34,14.4,1119800.0,16123194.0,历史
14.4,14.42,14.3,14.33,969500.0,13904810.0,历史
14.33,14.5,14.32,14.48,657000.0,9466120.9902,历史
14.48,14.5,14.4,14.48,505100.0,7302227.0,历史
14.49,14.59,14.48,14.55,421800.0,6132879.0,历史
14.55,14.59,14.46,14.47,476200.0,6915184.998,历史
14.48,14.5,14.43,14.43,290700.0,4204638.0,历史
14.44,14.53,14.44,14.49,330500.0,4786975.0049,历史
14.47,14.5,14.38,14.39,497800.0,7179265.0,历史
14.39,14.44,14.38,14.43,434300.0,6259932.0,历史
14.43,14.43,14.34,14.35,578900.0,8323667.0,历史
14.35,14.36,14.3,14.32,625200.0,8957051.0,历史
14.32,14.32,14.28,14.28,727100.0,10400345.0,历史
14.28,14.32,14.24,14.31,940000.0,13421491.001,历史
14.31,14.35,14.28,14.28,464300.0,6644236.0,历史
14.27,14.28,14.2,14.24,879000.0,12513610.9961,历史
14.26,14.3,14.22,14.22,752700.0,10732053.9971,历史
14.23,14.24,14.16,14.18,1403986.0,19928221.6224,历史
14.19,14.19,14.13,14.16,1147900.0,16249714.5599,历史
14.15,14.21,14.14,14.2,1107172.0,15680167.5195,历史
14.21,14.26,14.17,14.17,1011900.0,14366022.9961,历史
14.18,14.27,14.17,14.23,1361085.0,19358409.8479,历史
14.22,14.26,14.21,14.26,1088825.0,15510703.4976,历史
14.0,14.1,13.69,13.8,5886100.0,81776498.9521,历史
13.79,13.97,13.74,13.88,2384200.0,33042880.0088,历史
13.88,14.08,13.82,14.08,2207100.0,30771361.002,历史
14.07,14.11,13.96,14.06,1279980.0,17977176.002,历史
14.06,14.11,14.0,14.02,879800.0,12364502.0,历史
14.02,14.3,14.01,14.22,1533500.0,21815544.998,历史
14.22,14.22,14.12,14.13,638700.0,9045283.0,历史
14.12,14.2,14.1,14.2,355000.0,5016464.0,历史
14.2,14.2,14.02,14.07,623900.0,8788775.0,历史
14.07,14.18,14.05,14.14,380500.0,5379012.0,历史
14.14,14.16,14.05,14.09,397800.0,5619408.0,历史
14.08,14.1,14.02,14.05,373400.0,5248390.0,历史
14.05,14.11,13.99,14.04,565500.0,7938323.0098,历史
14.06,14.12,13.98,14.0,466800.0,6555731.9922,历史
14.01,14.08,13.98,14.08,390100.0,5467242.9883,历史
14.08,14.13,14.07,14.08,457700.0,6454321.0,历史
14.08,14.14,14.07,14.09,415000.0,5849056.0,历史
14.08,14.09,14.05,14.08,167800.0,2361036.0,历史
14.07,14.11,14.02,14.03,314100.0,4419037.0,历史
14.03,14.05,13.99,14.01,342300.0,4798116.0,历史
14.02,14.03,13.98,13.98,315400.0,4414948.002,历史
13.98,14.04,13.97,13.98,612600.0,8573177.9893,历史
13.98,13.99,13.92,13.94,352100.0,4912132.9907,历史
13.94,14.02,13.94,14.01,273200.0,3818908.9961,历史
14.01,14.14,13.95,14.0,552400.0,7743193.0,历史
14.02,14.02,13.83,13.83,455200.0,6327050.0,历史
13.84,13.86,13.81,13.85,575300.0,7956783.0,历史
13.86,13.89,13.81,13.88,478300.0,6616883.0,历史
13.87,13.96,13.8,13.82,501000.0,6943784.0039,历史
13.82,13.82,13.75,13.76,520100.0,7164357.0039,历史
13.75,13.76,13.7,13.74,642500.0,8817885.9941,历史
13.73,13.73,13.64,13.65,1229200.0,16808920.0,历史
13.65,13.78,13.6,13.73,1218614.0,16685430.0996,历史
13.74,13.89,13.74,13.78,1680300.0,23186488.0059,历史
13.78,13.87,13.72,13.74,1179300.0,16270994.0029,历史
13.73,13.76,13.7,13.71,527800.0,7241914.999,历史
13.72,13.97,13.72,13.91,1489158.0,20674509.9209,历史
13.91,14.07,13.74,13.82,4439000.0,61809478.9688,历史
13.8,13.82,13.7,13.73,1477700.0,20323817.999,历史
13.74,13.75,13.71,13.73,608700.0,8353316.9766,历史
13.72,13.75,13.68,13.73,655100.0,8982684.998,历史
13.73,13.74,13.69,13.7,400400.0,5491913.998,历史
13.7,13.71,13.62,13.63,709029.0,9692465.7326,历史
13.63,13.65,13.61,13.64,717700.0,9783075.0,历史
13.64,13.69,13.62,13.63,748700.0,10223316.0,历史
13.62,13.65,13.57,13.59,1089100.0,14827142.0,历史
13.59,13.65,13.58,13.64,1372140.0,18678932.2862,历史
13.63,13.7,13.63,13.69,988300.0,13512902.0,历史
17.785375595092773,19.469486236572266,17.13416290283203,18.575302124023438,12840101.0,271277824.0,预测
18.867708206176758,19.704952239990234,18.323490142822266,19.222169876098633,13019996.0,276577568.0,预测
19.462646484375,20.157878875732422,18.89764404296875,19.643022537231445,11827247.0,250488224.0,预测
19.715635299682617,20.52187156677246,19.290355682373047,20.029687881469727,10207790.0,216111440.0,预测
19.85333824157715,20.45365333557129,19.321537017822266,20.073732376098633,8889164.0,188303584.0,预测
19.812847137451172,20.21099281311035,19.357398986816406,19.767826080322266,7856242.0,165944448.0,预测
19.53458023071289,20.20777130126953,19.382556915283203,19.89371681213379,5881144.0,123241216.0,预测
19.69560432434082,20.05718231201172,19.381216049194336,19.703651428222656,5168438.0,108153416.0,预测
19.666399002075195,20.106172561645508,19.54444694519043,19.953712463378906,4527230.0,94478368.0,预测
19.733993530273438,20.094532012939453,19.54047393798828,19.88884162902832,3725807.0,77106480.0,预测
19.795469284057617,20.043439865112305,19.574005126953125,19.840774536132812,3114978.0,64194528.0,预测
19.699522018432617,20.020658493041992,19.551761627197266,19.881816864013672,3071830.0,63240092.0,预测
19.77474594116211,20.02058982849121,19.640426635742188,19.900999069213867,2893358.0,59537148.0,预测
19.853084564208984,20.047449111938477,19.730688095092773,19.947507858276367,2486635.25,50978896.0,预测
19.91415786743164,20.114036560058594,19.796457290649414,20.005613327026367,2269754.75,46437788.0,预测
19.936840057373047,20.116668701171875,19.840829849243164,20.044872283935547,2166306.5,44041224.0,预测
19.981348037719727,20.28006935119629,19.85822868347168,20.15347671508789,1976047.875,40010252.0,预测
20.055618286132812,20.221515655517578,19.955158233642578,20.13765525817871,1439695.875,28655668.0,预测
20.067020416259766,20.245025634765625,20.00616455078125,20.178598403930664,1586905.375,31916670.0,预测
20.131725311279297,20.297882080078125,20.074758529663086,20.244813919067383,1448862.0,28898754.0,预测
20.197647094726562,20.33269500732422,20.141969680786133,20.28620719909668,1221969.0,24046100.0,预测
20.229808807373047,20.3426570892334,20.155982971191406,20.276952743530273,1289795.25,25536120.0,预测
20.226024627685547,20.34234619140625,20.16620445251465,20.286758422851562,1370641.25,27234984.0,预测
20.225976943969727,20.36927604675293,20.198923110961914,20.345661163330078,1212679.0,23843560.0,预测
20.316652297973633,20.70073699951172,19.815204620361328,20.49053955078125,5684267.5,119238016.0,预测
20.39847183227539,20.568933486938477,20.271560668945312,20.44869613647461,2233211.5,45700064.0,预测
20.421167373657227,20.582674026489258,20.321895599365234,20.47942352294922,2058283.0,41861728.0,预测
20.456130981445312,20.588586807250977,20.367572784423828,20.50983238220215,1919231.375,38904372.0,预测
20.47881507873535,20.61750030517578,20.394433975219727,20.531742095947266,1940923.5,39499808.0,预测
20.525144577026367,20.62493896484375,20.432004928588867,20.551673889160156,1929888.0,39216948.0,预测
20.495759963989258,20.605236053466797,20.409168243408203,20.526159286499023,1724757.5,34854656.0,预测
20.476865768432617,20.599422454833984,20.411968231201172,20.539140701293945,1652959.625,33330936.0,预测
20.490428924560547,20.58589744567871,20.419952392578125,20.523117065429688,1609864.375,32425986.0,预测
20.498374938964844,20.588376998901367,20.423831939697266,20.52237319946289,1759260.75,35661356.0,预测
20.49167823791504,20.58584213256836,20.41557502746582,20.51481819152832,1762883.25,35754944.0,预测
20.48322868347168,20.58345603942871,20.421342849731445,20.524269104003906,1718255.5,34791440.0,预测
20.52214813232422,20.591176986694336,20.427732467651367,20.509140014648438,1964313.75,40171448.0,预测
20.519012451171875,20.619014739990234,20.45464324951172,20.56251335144043,1929092.5,39387348.0,预测
20.518402099609375,20.623729705810547,20.46232795715332,20.58514404296875,1820241.625,36939560.0,预测
20.56472396850586,20.647428512573242,20.493087768554688,20.585460662841797,1911384.0,39065984.0,预测
20.58182144165039,20.654457092285156,20.492610931396484,20.57036781311035,2144901.0,44169492.0,预测
20.548158645629883,20.637693405151367,20.46963119506836,20.56938362121582,2119872.0,43417000.0,预测
20.49606704711914,20.62517547607422,20.44240951538086,20.56637954711914,2594851.0,53545804.0,预测
20.54024314880371,20.668519973754883,20.456470489501953,20.57549285888672,3037822.5,63123032.0,预测
20.5089111328125,20.626399993896484,20.429475784301758,20.519617080688477,3225804.75,67017884.0,预测
20.494651794433594,20.672391891479492,20.41730499267578,20.57115364074707,3952651.0,82719312.0,预测
20.539831161499023,20.718435287475586,20.457406997680664,20.607585906982422,4671931.5,98229120.0,预测
20.564334869384766,20.702396392822266,20.4555606842041,20.549833297729492,4721331.5,99402912.0,预测
