timestamps,open,high,low,close,volume,amount
2026-07-03 09:30:00,8.844798618836691,8.854292951390516,8.794222199146546,8.844798618836691,208970.79924827287,1848304.6365683235
2026-07-03 09:35:00,8.845075831041685,8.870961460831554,8.82430555721336,8.845075831041685,176742.51911451554,1563300.9841372245
2026-07-03 09:40:00,8.843032827272832,8.872880827323929,8.829320400114847,8.843032827272832,165891.7568479556,1466986.2515804342
2026-07-03 09:45:00,8.843837246882108,8.91709008495295,8.798198607613028,8.843837246882108,155850.06408890325,1378312.6017184062
2026-07-03 09:50:00,8.837028746953791,8.896579273038927,8.770562054627593,8.837028746953791,165953.18664744138,1466533.0810520276
2026-07-03 09:55:00,8.831021065885691,8.874530352093144,8.825337308960835,8.831021065885691,203459.7119926598,1796757.0026662145
2026-07-03 10:00:00,8.82473008424896,8.84070670387182,8.708555495612325,8.82473008424896,176702.2116257982,1559349.3228875077
2026-07-03 10:05:00,8.82132819364863,8.828992286791479,8.763619519917269,8.82132819364863,150910.21994881,1331228.5779441537
2026-07-03 10:10:00,8.825202221572438,8.877755998244176,8.777688479553373,8.825202221572438,203559.25360366743,1796451.577124713
2026-07-03 10:15:00,8.824874273915404,8.893921526460973,8.741973220448644,8.824874273915404,185905.70560950774,1640594.4788074354
2026-07-03 10:20:00,8.831567888122624,8.861746701855502,8.81930566670591,8.831567888122624,177529.21699988644,1567861.33205975
2026-07-03 10:25:00,8.83808187489069,8.901291583797223,8.8065708685784,8.83808187489069,180058.5577863284,1591372.275990307
2026-07-03 10:30:00,8.837337437222585,8.88467245811558,8.803344790957414,8.837337437222585,160215.2112436901,1415875.8843363875
2026-07-03 10:35:00,8.840224294503193,8.890270994849292,8.797241571847202,8.840224294503193,192919.5569896053,1705452.154584302
2026-07-03 10:40:00,8.84069002152173,8.875301222230105,8.839334188597714,8.84069002152173,204846.67670262544,1810985.9706667888
2026-07-03 10:45:00,8.837898587766036,8.930323521645525,8.757564610316601,8.837898587766036,207316.02766620848,1832238.0281324484
2026-07-03 10:50:00,8.845705745923615,8.862599082904632,8.818456304874058,8.845705745923615,182705.5171220126,1616159.2426181321
2026-07-03 10:55:00,8.843641825759526,8.882499447371,8.841217896463842,8.843641825759526,179499.26069342758,1587427.169561309
2026-07-03 11:00:00,8.843716922034492,8.887698630692384,8.782149547279,8.843716922034492,191365.89308635241,1692385.7869880183
2026-07-03 11:05:00,8.849776304541106,8.859190355254006,8.758870663535362,8.849776304541106,156900.01310209307,1388530.0181330922
2026-07-03 11:10:00,8.851967432405125,8.92626193196728,8.758356744498306,8.851967432405125,151970.50695008147,1345237.978208218
2026-07-03 11:15:00,8.851545794322808,8.914280100684383,8.837672254365181,8.851545794322808,162943.2814068919,1442299.917250332
2026-07-03 11:20:00,8.851747828496874,8.928618427103675,8.81606675397914,8.851747828496874,192214.95941186353,1701438.3495785778
2026-07-03 11:25:00,8.848214532190346,8.896650510123006,8.747262224870937,8.848214532190346,168064.8949429801,1487074.2457855204
2026-07-03 13:00:00,8.848556923009962,8.914583285836047,8.837344372159238,8.848556923009962,179171.823838705,1585412.0822362944
2026-07-03 13:05:00,8.848391010632492,8.852209269889618,8.787380342425564,8.848391010632492,151732.14218514666,1342585.3229350627
2026-07-03 13:10:00,8.857926730118898,8.907382361328764,8.85183696295661,8.857926730118898,175945.91290983866,1558516.0050192315
2026-07-03 13:15:00,8.856347660273057,8.864930486383102,8.83280893662704,8.856347660273057,171841.64773371496,1521889.3748439534
2026-07-03 13:20:00,8.86067239307368,8.875672679723165,8.837932484883378,8.86067239307368,173086.3462726267,1533661.4100358547
2026-07-03 13:25:00,8.856571964932915,8.914610771450562,8.689713573930874,8.856571964932915,175042.24278779668,1550274.220153381
2026-07-03 13:30:00,8.851703731653439,8.858104730286444,8.837091043598253,8.851703731653439,195609.86439578215,1731480.566620368
2026-07-03 13:35:00,8.855297296278287,8.86879970038001,8.819689094213613,8.855297296278287,197001.10272781542,1744503.332349465
2026-07-03 13:40:00,8.857398969359828,8.903762390249428,8.853520671793936,8.857398969359828,157803.1379849391,1397725.3517495461
2026-07-03 13:45:00,8.860377036596276,8.878130842869078,8.806742824588008,8.860377036596276,166809.45756575553,1477994.6873027012
2026-07-03 13:50:00,8.866299711959044,8.872686766375972,8.850174798099232,8.866299711959044,170395.26654708656,1510775.5027056183
2026-07-03 13:55:00,8.870657528249557,8.91396421156001,8.77159193496782,8.870657528249557,179473.7026432637,1592049.7514752897
2026-07-03 14:00:00,8.867637471673829,8.964229865091397,8.75269038678752,8.867637471673829,167006.83233375865,1480956.0444283867
2026-07-03 14:05:00,8.87164391756409,8.965460798861015,8.767908538511373,8.87164391756409,203953.1469734577,1809399.6958151308
2026-07-03 14:10:00,8.876709633848098,8.927787385864585,8.851928068225659,8.876709633848098,205188.12799062204,1821395.4324856112
2026-07-03 14:15:00,8.880322586915682,8.893647699502917,8.833117917112085,8.880322586915682,200890.00873410626,1783968.0820471724
2026-07-03 14:20:00,8.883363662992906,8.984627082677012,8.856551200832168,8.883363662992906,169066.84512569057,1501882.268606409
2026-07-03 14:25:00,8.88548283565646,8.903522734373563,8.800474137992907,8.88548283565646,191034.1938513384,1697431.050489536
2026-07-03 14:30:00,8.889767410626044,8.91455812817928,8.748014984976317,8.889767410626044,157375.8582338685,1399034.7757467485
2026-07-03 14:35:00,8.887486776362152,8.917097085057963,8.824896322762854,8.887486776362152,177433.1781383598,1576935.024392583
2026-07-03 14:40:00,8.878093612336755,8.908693216159842,8.872991136198591,8.878093612336755,192196.36516339687,1706337.3218714963
2026-07-03 14:45:00,8.881470368583205,8.902398947382407,8.811488530642936,8.881470368583205,161395.76396168032,1433431.695240513
2026-07-03 14:50:00,8.882636780548985,8.892621078461076,8.80163588808767,8.882636780548985,195537.09822591848,1736885.0206633632
2026-07-03 14:55:00,8.88906547000549,8.993458691106783,8.817251610303611,8.88906547000549,159275.5116419888,1415810.45075426
2026-07-06 09:30:00,8.899681743161217,9.020882109739077,8.861521339345806,8.899681743161217,167735.15974290896,1492789.5388501973
2026-07-06 09:35:00,8.903895626352163,8.918467062459623,8.876877323748783,8.903895626352163,207650.6748794552,1848899.9358682563
2026-07-06 09:40:00,8.904120891179078,8.91192288491196,8.868898343194388,8.904120891179078,177541.76832887082,1580853.3684339747
2026-07-06 09:45:00,8.91055468163491,8.944941383032713,8.852605076082,8.91055468163491,176146.94611553918,1569566.9953655098
2026-07-06 09:50:00,8.916262380175612,8.970393114251818,8.903231382467888,8.916262380175612,181320.42275131075,1616700.46413505
2026-07-06 09:55:00,8.916041782839915,8.997796129154086,8.89103541704198,8.916041782839915,176119.45440721355,1570288.4142656855
2026-07-06 10:00:00,8.917036644081113,8.95973096459381,8.849965374377964,8.917036644081113,164805.94887023224,1469580.6852384193
2026-07-06 10:05:00,8.915627117092008,8.97099104950639,8.887985779088295,8.915627117092008,177917.65346390655,1586247.455832184
2026-07-06 10:10:00,8.916239180975328,8.978296412667694,8.885246647345001,8.916239180975328,201585.71953082568,1797386.4908058513
2026-07-06 10:15:00,8.913835479345517,8.924695276247135,8.913223849866004,8.913835479345517,153622.2012922356,1369363.0282938886
2026-07-06 10:20:00,8.917694359789424,8.92142218211284,8.900127388665634,8.917694359789424,165945.3094520582,1479849.55013413
2026-07-06 10:25:00,8.921971445739445,8.986509716200178,8.917205182667908,8.921971445739445,159899.58884513399,1426619.5658617627
2026-07-06 10:30:00,8.919470351525515,9.02787994438239,8.913172531335242,8.919470351525515,156351.68313526871,1394574.2021361412
2026-07-06 10:35:00,8.91993367730744,8.951794853142577,8.81751910737045,8.91993367730744,156939.1238036852,1399886.5757036132
2026-07-06 10:40:00,8.916829745599916,8.99738071542961,8.812169840163758,8.916829745599916,209240.5425594721,1865762.2938797658
2026-07-06 10:45:00,8.92188799637607,8.940896501649016,8.920321122095796,8.92188799637607,186067.17512437174,1660070.4962617364
2026-07-06 10:50:00,8.923002618800082,8.925689008060417,8.75751958719377,8.923002618800082,208909.4908775322,1864099.9341924116
2026-07-06 10:55:00,8.929223798841996,8.958556110030571,8.872077928802355,8.929223798841996,194382.48860124513,1735684.7432963708
2026-07-06 11:00:00,8.937733013156599,8.950576684144472,8.93085043856149,8.937733013156599,185856.52154777813,1661135.9683480274
2026-07-06 11:05:00,8.944399514574705,8.9883302217451,8.879366710685776,8.944399514574705,195142.029880328,1745428.2773347283
2026-07-06 11:10:00,8.944394789256979,9.050219349788634,8.940463245992841,8.944394789256979,176238.52192123202,1576346.9171386196
2026-07-06 11:15:00,8.943887911798805,9.005834141197681,8.91963192203354,8.943887911798805,169461.34573198663,1515643.2816094733
2026-07-06 11:20:00,8.946193499776184,8.953234486690206,8.904404205683987,8.946193499776184,153558.39128613303,1373763.0819600911
2026-07-06 11:25:00,8.948799771619148,9.014109017384268,8.90724180072899,8.948799771619148,163318.98276643746,1461508.8756813672
2026-07-06 13:00:00,8.956307867445709,9.07157712175897,8.933667830398882,8.956307867445709,156549.78473910654,1402108.068705792
2026-07-06 13:05:00,8.958202806577164,9.082775360243708,8.894316116047664,8.958202806577164,159976.66239839824,1433103.3860841787
2026-07-06 13:10:00,8.95387989754131,8.998338355555596,8.927526025938349,8.95387989754131,194703.53226307544,1743352.043510637
2026-07-06 13:15:00,8.957746726813356,8.99421213231481,8.876532530629028,8.957746726813356,150813.02830717046,1350944.9106793662
2026-07-06 13:20:00,8.961329363895375,9.108503608903845,8.84609191214134,8.961329363895375,190026.08901411388,1702886.371388375
2026-07-06 13:25:00,8.965452032521583,8.981027622822488,8.95706938008216,8.965452032521583,192751.43378319702,1728103.733783013
2026-07-06 13:30:00,8.968634209983005,9.055174434524735,8.948685778903517,8.968634209983005,162009.3596469582,1453002.6852671495
2026-07-06 13:35:00,8.964784872666847,9.032485266244688,8.948294075909333,8.964784872666847,156072.96824865128,1399160.5847877222
2026-07-06 13:40:00,8.969901770187741,8.985969197144241,8.886107506567685,8.969901770187741,208692.41059808878,1871950.4232485434
2026-07-06 13:45:00,8.983167102676424,9.051269852927362,8.897875474478194,8.983167102676424,164108.478389871,1474213.8843421738
2026-07-06 13:50:00,8.976294058818354,9.115945309894153,8.937332932697272,8.976294058818354,158413.42445066766,1421965.4807335983
2026-07-06 13:55:00,8.9769792468865,8.991747547431858,8.964946514828826,8.9769792468865,191139.24268581794,1715853.01485619
2026-07-06 14:00:00,8.9721113522346,9.02793705456703,8.815366954487253,8.9721113522346,167721.9109594952,1504819.6613381677
2026-07-06 14:05:00,8.96676601925041,8.98658289393243,8.957163040118143,8.96676601925041,176121.06716274645,1579236.4003090342
2026-07-06 14:10:00,8.963213647242306,9.061456955663692,8.908365182946774,8.963213647242306,179737.48509565977,1611025.4793304282
2026-07-06 14:15:00,8.961650161745327,8.993254892881668,8.918578070127861,8.961650161745327,202268.8095278656,1812662.3096214316
2026-07-06 14:20:00,8.958340600048919,9.005246277994098,8.903196709495164,8.958340600048919,160514.81771109492,1437946.408410753
2026-07-06 14:25:00,8.965196797446524,8.977269013121987,8.914360115062465,8.965196797446524,172611.88169061704,1547499.488933938
2026-07-06 14:30:00,8.96053497089735,9.037154196278205,8.95307342231968,8.96053497089735,182880.65653172837,1638708.5183532187
2026-07-06 14:35:00,8.955046236990821,8.977260728116875,8.903984357812277,8.955046236990821,154523.98057742644,1383769.3907947254
2026-07-06 14:40:00,8.950929278354227,9.014391369200828,8.85750551828775,8.950929278354227,169983.59473907726,1521511.1349899063
2026-07-06 14:45:00,8.950459438410181,8.986367112278568,8.878711712185016,8.950459438410181,198940.98003423112,1780613.1724339554
2026-07-06 14:50:00,8.94458995060507,9.071469692099583,8.930184220945604,8.94458995060507,182964.9864000587,1636546.7786665584
2026-07-06 14:55:00,8.948372678438105,8.966766467723277,8.88379558525212,8.948372678438105,183440.78864340353,1641496.541207771
2026-07-07 09:30:00,8.946725535139095,8.958182879805927,8.94291151705236,8.946725535139095,186175.7334000679,1665663.188033636
2026-07-07 09:35:00,8.950055357051104,8.968633603744358,8.921682828683167,8.950055357051104,164605.84919992258,1473231.4624337133
2026-07-07 09:40:00,8.954443022537175,8.981029935947047,8.924360834156506,8.954443022537175,191007.72796059906,1710367.816887465
2026-07-07 09:45:00,8.951643113675726,9.055690180030787,8.90616287906326,8.951643113675726,197323.69021424546,1766371.2526714324
2026-07-07 09:50:00,8.956084585572784,8.976214693387499,8.86582170034007,8.956084585572784,194925.73055646155,1745771.330768239
2026-07-07 09:55:00,8.965913116306664,8.987585739564976,8.95873659827687,8.965913116306664,154790.08885223005,1387834.4879144833
2026-07-07 10:00:00,8.975029435902925,8.975209782103033,8.868256724500354,8.975029435902925,176891.95258547142,1587610.4814289506
2026-07-07 10:05:00,8.980596914985943,9.03326691959571,8.914028177456114,8.980596914985943,205092.79817463554,1841855.7505729666
2026-07-07 10:10:00,8.979602015329542,9.012332780099905,8.841524588011833,8.979602015329542,168782.9109956521,1515603.3677297444
2026-07-07 10:15:00,8.979337662450215,9.002948753388386,8.951591605610027,8.979337662450215,173902.69369253868,1561531.007074956
2026-07-07 10:20:00,8.980924156010742,9.151660777290259,8.921648648793102,8.980924156010742,183122.6094546292,1644610.2667628003
2026-07-07 10:25:00,8.974467929322671,9.019442954058784,8.860182072458832,8.974467929322671,190372.05508251183,1708487.9029772514
2026-07-07 10:30:00,8.96940826660481,8.972871131447722,8.85908341556542,8.96940826660481,205186.16032463548,1840398.4426086855
2026-07-07 10:35:00,8.965424087291721,8.983293582477511,8.909978446005736,8.965424087291721,185914.51663697287,1666802.485634314
2026-07-07 10:40:00,8.963894540238847,8.96658605919948,8.912341600409434,8.963894540238847,164940.57424281345,1478509.9129190159
2026-07-07 10:45:00,8.966569087253937,8.980362866441238,8.91615173124909,8.966569087253937,156485.36846974437,1403136.8675283517
2026-07-07 10:50:00,8.967482611664432,9.011889576642382,8.931359092763852,8.967482611664432,191043.15834330829,1713176.2005210717
2026-07-07 10:55:00,8.967023381648112,9.001874754353517,8.825862279691435,8.967023381648112,207046.67822893104,1856592.4047713976
2026-07-07 11:00:00,8.960440316085636,8.984658164508634,8.933237978897298,8.960440316085636,194699.83362683273,1744596.2387650379
2026-07-07 11:05:00,8.958942934957806,9.060265156310479,8.763578112854287,8.958942934957806,181503.75760491518,1626081.806862849
2026-07-07 11:10:00,8.955924874438788,9.050461996450503,8.944078046864496,8.955924874438788,191655.76644596664,1716454.6460430634
2026-07-07 11:15:00,8.967263865713045,9.111205015037324,8.92390227969044,8.967263865713045,198539.22526165177,1780353.6206154726
2026-07-07 11:20:00,8.966820755058478,9.102530318941659,8.93503311624372,8.966820755058478,201924.5119578737,1810620.904778916
2026-07-07 11:25:00,8.963425895795403,9.076514980559274,8.922829459920418,8.963425895795403,204204.01767706944,1830367.5800721066
2026-07-07 13:00:00,8.961545461935964,9.066305984000396,8.9609175241415,8.961545461935964,202364.68566231817,1813500.3304532452
2026-07-07 13:05:00,8.956832076697818,8.989377483489243,8.911714402872246,8.956832076697818,178472.71069730766,1598550.0999888552
2026-07-07 13:10:00,8.961142104758382,8.970065050262123,8.952520573448929,8.961142104758382,162742.6638876393,1458360.137604066
2026-07-07 13:15:00,8.963180519578385,8.987228964609715,8.923320727166226,8.963180519578385,149917.48726645435,1343737.5014108242
2026-07-07 13:20:00,8.966098880738377,8.969549269118591,8.943953469734861,8.966098880738377,175199.42086204153,1570855.3312971625
2026-07-07 13:25:00,8.968562441899254,9.034429206658823,8.922741499695684,8.968562441899254,166114.0140782438,1489803.9077352614
2026-07-07 13:30:00,8.97344395660599,9.091115227865714,8.969844263602658,8.97344395660599,164363.6450041587,1474907.9569483001
2026-07-07 13:35:00,8.970660885327213,9.012280871934673,8.934293443195228,8.970660885327213,161043.84361957113,1444669.708780839
2026-07-07 13:40:00,8.969763973340266,9.017092157257633,8.911934170364049,8.969763973340266,169654.64257378,1521762.1008682116
2026-07-07 13:45:00,8.975125970374686,9.001110584633139,8.954071594457558,8.975125970374686,201451.33617697493,1808051.1190886493
2026-07-07 13:50:00,8.974900562531937,8.991751925137976,8.933258932607474,8.974900562531937,186787.97676672315,1676403.517757866
2026-07-07 13:55:00,8.97704990492518,8.999311283712482,8.917853375954387,8.97704990492518,154438.92384089637,1386405.9265826659
2026-07-07 14:00:00,8.976287136853344,9.059239724316642,8.969098087763818,8.976287136853344,160841.88015388843,1443762.899892656
2026-07-07 14:05:00,8.979146758460969,9.010430085402518,8.951508217848106,8.979146758460969,181882.76305821748,1633152.022334118
2026-07-07 14:10:00,8.983570756563342,9.058093636607072,8.940036906527078,8.983570756563342,154830.71737978127,1390932.7048707267
2026-07-07 14:15:00,8.987689158096,9.109239904191673,8.903712657675133,8.987689158096,172723.96754777918,1552389.3304725003
2026-07-07 14:20:00,8.991096748261098,9.085536840914628,8.96831569281038,8.991096748261098,200983.0647528106,1807058.179954545
2026-07-07 14:25:00,8.990032326423247,9.095733900942331,8.967500643269345,8.990032326423247,170707.65715720635,1534667.3562112618
2026-07-07 14:30:00,8.982199519654877,8.998946643762814,8.930447543243252,8.982199519654877,200004.5522672482,1796480.7933036655
2026-07-07 14:35:00,8.98100342619734,9.064565210076184,8.953410669655025,8.98100342619734,155892.67099667995,1400072.6123402372
2026-07-07 14:40:00,8.982687061680352,9.006352327190061,8.938783551375643,8.982687061680352,200055.76012994407,1797038.2881338766
2026-07-07 14:45:00,8.97960629720448,9.028162032043218,8.881636721711153,8.97960629720448,188707.60606196753,1694520.007724426
2026-07-07 14:50:00,8.97547207603258,9.008120261219197,8.956631129639916,8.97547207603258,198135.9605050914,1778363.7807713419
2026-07-07 14:55:00,8.977329820186407,8.98031902749307,8.93975049486994,8.977329820186407,174500.79414510968,1566551.1829251028
2026-07-08 09:30:00,8.9822991327444,8.98331444003109,8.976561446128427,8.9822991327444,208300.15182641477,1871014.2731009321
2026-07-08 09:35:00,8.985691783069047,8.998392189985541,8.981902928981011,8.985691783069047,200090.62364244845,1797952.6727331101
2026-07-08 09:40:00,8.983517289598511,8.98600364822132,8.931872868706488,8.983517289598511,186313.64290793924,1673751.8323515551
2026-07-08 09:45:00,8.98226041059085,9.033312481887686,8.947092307893888,8.98226041059085,198243.59015500333,1780675.5515026844
2026-07-08 09:50:00,8.982769982952364,9.012544394769668,8.926301245272242,8.982769982952364,182393.9834095264,1638403.1992422054
2026-07-08 09:55:00,8.988656668913414,9.020038242566162,8.888768063715563,8.988656668913414,164095.1656162144,1474995.1047526367
2026-07-08 10:00:00,8.99507578779494,9.097636778761498,8.947300040414639,8.99507578779494,182693.4367585629,1643341.3095759952
2026-07-08 10:05:00,8.994385429065085,9.037611857058618,8.979223357601352,8.994385429065085,166812.9677567132,1500380.126570085
2026-07-08 10:10:00,8.9975591457419,9.117210101661826,8.98098514079561,8.9975591457419,195340.36113127525,1757586.452829231
2026-07-08 10:15:00,9.003819832055584,9.138716374730414,8.997276354755456,9.003819832055584,161498.5241316488,1454103.6144242466
2026-07-08 10:20:00,9.002571065613349,9.011645257700142,8.936121519524955,9.002571065613349,200129.63229974126,1801681.2371134895
2026-07-08 10:25:00,9.010137978046888,9.131970969767076,8.924582306206576,9.010137978046888,184615.4192804143,1663410.4005915106
2026-07-08 10:30:00,9.013887350285211,9.066301966449082,8.927608705275386,9.013887350285211,205187.62868203645,1849538.1706120272
2026-07-08 10:35:00,9.018808163565124,9.059821323085062,9.01515342238819,9.018808163565124,159796.85617428232,1441177.1909766593
2026-07-08 10:40:00,9.023616632733457,9.055905953964674,9.014118065276238,9.023616632733457,174799.8567043585,1577326.8943568743
2026-07-08 10:45:00,9.025335224547169,9.02588150896086,8.949564763301131,9.025335224547169,177211.25489532086,1599390.9809929463
2026-07-08 10:50:00,9.026579193040318,9.099264260452106,8.912760978128823,9.026579193040318,201189.44170173607,1816052.428324289
2026-07-08 10:55:00,9.03876878886976,9.138027332017527,8.973284782909987,9.03876878886976,198562.42460524832,1794759.8461642233
2026-07-08 11:00:00,9.03935132147451,9.061199168968926,8.963934231907952,9.03935132147451,203293.5599519554,1837641.9097989653
2026-07-08 11:05:00,9.043815940288956,9.05797493480354,8.988599437367595,9.043815940288956,158941.26824550756,1437435.5753284642
2026-07-08 11:10:00,9.046280526144582,9.090678997506885,8.99438960039944,9.046280526144582,153235.43134236918,1386210.6984678393
2026-07-08 11:15:00,9.046479134404166,9.059451938573902,9.015431690135447,9.046479134404166,203330.11564493788,1839421.6485779164
2026-07-08 11:20:00,9.046115241565868,9.101953279661506,9.03586703501317,9.046115241565868,199930.84749858498,1808597.4868161308
2026-07-08 11:25:00,9.048183493416072,9.076829449041428,8.937048574434462,9.048183493416072,156148.1799238585,1412857.3841140193
2026-07-08 13:00:00,9.051142733463715,9.093180984563919,8.942493439142623,9.051142733463715,166483.40637330056,1506865.0738379862
2026-07-08 13:05:00,9.057499441378004,9.060851978729373,9.055680261476052,9.057499441378004,165308.63937449877,1497282.9087894806
2026-07-08 13:10:00,9.06752295805815,9.101078357788127,9.010684353010083,9.06752295805815,197760.52744107888,1793198.1227696717
2026-07-08 13:15:00,9.074362910976472,9.109756469235046,9.049781255289068,9.074362910976472,158152.85613507306,1435136.4119771048
2026-07-08 13:20:00,9.078844152904551,9.202870382558896,9.047420076822878,9.078844152904551,172499.91113611733,1566099.8095946936
2026-07-08 13:25:00,9.08131246410114,9.103942412549175,9.06131059921653,9.08131246410114,163715.74969317362,1486753.87825828
2026-07-08 13:30:00,9.081551605196676,9.09392746955079,9.005806966453388,9.081551605196676,176009.02892681927,1598435.0791794637
2026-07-08 13:35:00,9.082590420158112,9.116819183476496,9.00194225740725,9.082590420158112,154789.27962010846,1405887.6282207724
2026-07-08 13:40:00,9.084441246291544,9.11626785860776,8.99057641672467,9.084441246291544,153015.33659447485,1390058.8350740313
2026-07-08 13:45:00,9.089291359083402,9.164257129737159,9.062077938349418,9.089291359083402,164376.63318813793,1494067.1116721642
2026-07-08 13:50:00,9.099631372571436,9.127430963037641,9.049225459953098,9.099631372571436,170281.14754481867,1549495.6723562975
2026-07-08 13:55:00,9.096265807140345,9.125169132920457,9.084456566548674,9.096265807140345,151618.17732543926,1379159.2421463346
2026-07-08 14:00:00,9.100344454469251,9.126463461924866,9.028635241816225,9.100344454469251,157314.7441823203,1431618.3598258276
2026-07-08 14:05:00,9.11039626321309,9.245052551350327,9.050117976642763,9.11039626321309,192126.96739713897,1750352.805837358
2026-07-08 14:10:00,9.118227649834997,9.220359763224202,9.101609279890384,9.118227649834997,158070.1021067047,1441319.175641596
2026-07-08 14:15:00,9.120657791302571,9.164456291462082,9.087189796728062,9.120657791302571,192334.26215849916,1754214.9866903466
2026-07-08 14:20:00,9.123555375426635,9.133638825013342,9.07484059903065,9.123555375426635,202592.40588046858,1848363.0336913636
2026-07-08 14:25:00,9.125944870486224,9.154500165274449,9.092722998924717,9.125944870486224,166889.039167653,1523020.1709324175
2026-07-08 14:30:00,9.11810197832171,9.16969813925167,9.070710437480349,9.11810197832171,191272.1324740785,1744038.8095097071
2026-07-08 14:35:00,9.128583358628783,9.213503980132774,9.09926213649614,9.128583358628783,197110.1911954688,1799336.8111630941
2026-07-08 14:40:00,9.130366852488981,9.233984352987383,9.006717412454936,9.130366852488981,188261.86310234724,1718899.8744574897
2026-07-08 14:45:00,9.136345021776187,9.14414420315219,9.068643287339736,9.136345021776187,209773.44996149774,1916562.6152565458
2026-07-08 14:50:00,9.141530458945539,9.188392062368246,9.053173196386256,9.141530458945539,155476.3170246477,1421291.4877254898
2026-07-08 14:55:00,9.146578450552875,9.155191320738929,8.979484898724461,9.146578450552875,160680.69879405134,1469678.6170094472
2026-07-09 09:30:00,9.141823252859812,9.202357444827973,9.12400682739693,9.141823252859812,161240.20620333904,1474029.4663655958
2026-07-09 09:35:00,9.144066125559293,9.170219361596228,9.084918247629679,9.144066125559293,169301.86307716003,1548107.4311579366
2026-07-09 09:40:00,9.138400259003246,9.160903116247898,9.100781361871109,9.138400259003246,205626.40043844646,1879096.3510246044
2026-07-09 09:45:00,9.137339746522947,9.197219454408339,9.13179040262824,9.137339746522947,168495.08953851205,1539596.878734189
2026-07-09 09:50:00,9.142842455600356,9.15271088918852,9.09269191264682,9.142842455600356,193614.09755261868,1770183.191106831
2026-07-09 09:55:00,9.153545347618637,9.220092505432234,9.05396876578229,9.153545347618637,163532.11730268793,1496898.6515222443
2026-07-09 10:00:00,9.159065612466616,9.239848523517166,9.103526926705355,9.159065612466616,205978.93392417807,1886574.5705974726
2026-07-09 10:05:00,9.166040863159116,9.253938683105922,9.028765276308803,9.166040863159116,203580.54276671103,1866027.5739437854
2026-07-09 10:10:00,9.170067967403273,9.251802200555332,9.121694300852994,9.170067967403273,156870.4387443767,1438512.585362306
2026-07-09 10:15:00,9.172808002441647,9.180034152243412,9.16311924696467,9.172808002441647,159126.04056076688,1459632.6182526564
2026-07-09 10:20:00,9.177544289147834,9.26387194251545,9.14397052261565,9.177544289147834,200217.32127178358,1837503.3334263347
2026-07-09 10:25:00,9.182449374701696,9.239225497254688,9.122285912731234,9.182449374701696,197819.66211677776,1816469.0327079066
2026-07-09 10:30:00,9.188065905458542,9.188142792961438,9.151193402992394,9.188065905458542,196016.84347761108,1801015.6764522418
2026-07-09 10:35:00,9.183528634900794,9.228281417656362,9.18237947249357,9.183528634900794,175020.86022721356,1607309.0816015853
2026-07-09 10:40:00,9.18221075459841,9.228807175133737,9.1569872421169,9.18221075459841,205988.96824184107,1891434.1195188633
2026-07-09 10:45:00,9.188994207141938,9.194048531956938,9.109776341787926,9.188994207141938,158213.48846505547,1453822.8289971126
2026-07-09 10:50:00,9.194556174974686,9.211942092138852,9.115509018420127,9.194556174974686,168413.53235971098,1548487.6839072797
2026-07-09 10:55:00,9.195199026349215,9.237300781843413,9.149550715079725,9.195199026349215,150748.5583152895,1386162.9966442978
2026-07-09 11:00:00,9.200579082739475,9.225626238299153,9.174281375709096,9.200579082739475,194503.6003559253,1789545.7569522446
2026-07-09 11:05:00,9.199105516081461,9.27900067727413,9.123446983005453,9.199105516081461,182666.02968445947,1680364.0812710111
2026-07-09 11:10:00,9.196772436136605,9.232677505936008,9.143835500664238,9.196772436136605,188278.6115353821,1731555.5448826735
2026-07-09 11:15:00,9.194627007037083,9.228996646405951,9.063439312914317,9.194627007037083,160510.13952389386,1475830.8637696847
2026-07-09 11:20:00,9.196964024003893,9.233406714205644,9.176791959160179,9.196964024003893,163794.43435983974,1506411.5201395133
2026-07-09 11:25:00,9.210387121062883,9.337509567418182,9.18510694194558,9.210387121062883,165224.47751998177,1521781.399834384
2026-07-09 13:00:00,9.208762146842838,9.267141319024894,9.146513046414091,9.208762146842838,173357.87772214127,1596411.462224664
2026-07-09 13:05:00,9.212133970285361,9.354956868376364,9.195681437211803,9.212133970285361,188393.48742618362,1735506.0452992741
2026-07-09 13:10:00,9.215245946763163,9.25522334330417,9.139067452172087,9.215245946763163,199329.80820484838,1836873.2071288077
2026-07-09 13:15:00,9.216688424632192,9.224605164109594,9.14352771687804,9.216688424632192,189287.484988321,1744603.771819598
2026-07-09 13:20:00,9.223484201867056,9.235214663575507,9.145966009354304,9.223484201867056,210215.3503277375,1938917.9627378355
2026-07-09 13:25:00,9.234826271827687,9.297934976360946,9.222428533154421,9.234826271827687,176105.34204770462,1626302.2393513436
2026-07-09 13:30:00,9.2330118788213,9.284175935848792,9.198082837848343,9.2330118788213,152104.13840449715,1404379.3167066013
2026-07-09 13:35:00,9.231102480045163,9.33668692998593,9.203646116301202,9.231102480045163,192116.48801760856,1773446.9889969132
2026-07-09 13:40:00,9.227335373771286,9.23802996038595,9.156029500556018,9.227335373771286,179619.27135026408,1657407.256341315
2026-07-09 13:45:00,9.233994116559689,9.25491672105941,9.211323707085098,9.233994116559689,201355.41894209516,1859314.753848718
2026-07-09 13:50:00,9.23368135188053,9.239173983876846,9.191157110509582,9.23368135188053,161804.29076460883,1494049.2622874237
2026-07-09 13:55:00,9.233557897335663,9.242925024681231,9.181872726016355,9.233557897335663,150914.31763119242,1393476.0893845195
2026-07-09 14:00:00,9.232080704180229,9.240251937856069,9.197959041634626,9.232080704180229,199272.12603854112,1839696.349681386
2026-07-09 14:05:00,9.237458659374663,9.386762354016541,9.1863488653183,9.237458659374663,181458.59769597693,1676216.2946046854
2026-07-09 14:10:00,9.24368540373142,9.27394537282137,9.219313732410875,9.24368540373142,209375.75454972053,1935403.6062265038
2026-07-09 14:15:00,9.251224616134166,9.263508525762413,9.232953645629378,9.251224616134166,184442.14103675477,1706315.6754117154
2026-07-09 14:20:00,9.249369525364997,9.362627573762472,9.184135953642805,9.249369525364997,168079.06076732295,1554625.3425132486
2026-07-09 14:25:00,9.245543367632559,9.261915101159326,9.24422328159093,9.245543367632559,193378.6765566176,1787890.9404795975
2026-07-09 14:30:00,9.253192836524416,9.377110735997105,9.215964140002603,9.253192836524416,167911.24845014245,1553715.1613307295
2026-07-09 14:35:00,9.252894528048374,9.2988811081904,9.240078127360418,9.252894528048374,184390.74095996117,1706148.07805121
2026-07-09 14:40:00,9.259739822438872,9.270018998844254,9.236558022193345,9.259739822438872,171537.3072217277,1588390.834714963
2026-07-09 14:45:00,9.263543072484959,9.28020687347435,9.237822546729815,9.263543072484959,200670.75148535552,1858922.1497725158
2026-07-09 14:50:00,9.272719459508274,9.283433883732178,9.240054437705279,9.272719459508274,184258.21013454773,1708574.6906887854
2026-07-09 14:55:00,9.271340024953885,9.29755282400306,9.252605676073607,9.271340024953885,153960.9906712123,1427424.695091562
2026-07-10 09:30:00,9.27388438702579,9.407368131601125,9.212044430710964,9.27388438702579,199358.30594209066,1848825.8809002654
2026-07-10 09:35:00,9.280605463595641,9.445533270919041,9.233723175872376,9.280605463595641,188319.43486231455,1747718.37608444
2026-07-10 09:40:00,9.279881244540533,9.36257929019153,9.272498903007156,9.279881244540533,196441.25241372013,1822951.4939281342
2026-07-10 09:45:00,9.277478816915723,9.348553174810737,9.144214405901147,9.277478816915723,197302.72106082778,1830471.8151616615
2026-07-10 09:50:00,9.285224276039543,9.285457806092367,9.155558641163102,9.285224276039543,183788.99726247383,1706522.0590504871
2026-07-10 09:55:00,9.285337453068285,9.304206116869631,9.262328191624245,9.285337453068285,208443.25097260423,1935465.9250952343
2026-07-10 10:00:00,9.284327074291017,9.32245905686089,9.259897822261387,9.284327074291017,157854.94776024728,1465576.965301258
2026-07-10 10:05:00,9.287573263793941,9.294982941417862,9.164319357798457,9.287573263793941,195223.05719379373,1813148.4464691943
2026-07-10 10:10:00,9.286615223218513,9.38384826537732,9.260761244748899,9.286615223218513,181214.20488913188,1682866.5937868508
2026-07-10 10:15:00,9.291869230299634,9.321637627171773,9.240362572998619,9.291869230299634,169228.7407272056,1572451.328845476
2026-07-10 10:20:00,9.28930887264624,9.370014926442641,9.141850181270067,9.28930887264624,201484.34374745522,1871650.3020725406
2026-07-10 10:25:00,9.287388171077234,9.397451599747924,9.265005792893989,9.287388171077234,207551.57511790568,1927612.0436384853
2026-07-10 10:30:00,9.292002815593213,9.372899723697818,9.228524136654167,9.292002815593213,203544.39593681056,1891335.1001430633
2026-07-10 10:35:00,9.298732049282078,9.336170297620745,9.297018702437338,9.298732049282078,154377.7977167261,1435517.7753261067
2026-07-10 10:40:00,9.299720468725399,9.333815362110215,9.26278177610681,9.299720468725399,176030.48552247084,1637034.3093329922
2026-07-10 10:45:00,9.307294472451833,9.332981882156096,9.264020913116118,9.307294472451833,161518.58389073628,1503301.0230444975
2026-07-10 10:50:00,9.310893340284563,9.341957928438168,9.229058849869205,9.310893340284563,183424.2102371847,1707843.2575443587
2026-07-10 10:55:00,9.311792618655216,9.345254614291273,9.248696585418426,9.311792618655216,187058.8311806971,1741853.0434426875
2026-07-10 11:00:00,9.320282998873795,9.377285011834871,9.282374071048224,9.320282998873795,209116.88920747745,1949028.587257827
2026-07-10 11:05:00,9.318146384725585,9.427453442430497,9.284026935497604,9.318146384725585,187948.57015292568,1751332.2894848273
2026-07-10 11:10:00,9.325053365744475,9.432775290288472,9.280726885570138,9.325053365744475,188470.80595534886,1757500.3234184997
2026-07-10 11:15:00,9.326930284525675,9.35251211284331,9.28924209861501,9.326930284525675,153521.2910405529,1431882.378725613
2026-07-10 11:20:00,9.328963996476103,9.374876039878973,9.271816120162725,9.328963996476103,193253.0403923813,1802850.6560300675
2026-07-10 11:25:00,9.328541422742815,9.441480695982937,9.284442718057505,9.328541422742815,188870.50372474195,1761886.3175305563
2026-07-10 13:00:00,9.336871425915332,9.341393445917797,9.331482289836552,9.336871425915332,180964.9698749436,1689646.6563169898
2026-07-10 13:05:00,9.338296529022466,9.366800597540212,9.32949831795506,9.338296529022466,150977.35098370188,1409871.2726521099
2026-07-10 13:10:00,9.335605896183196,9.444697559731184,9.229109241247228,9.335605896183196,163324.87833810694,1524736.6972066343
2026-07-10 13:15:00,9.33777931169707,9.345804330940025,9.316961032777192,9.33777931169707,206283.95968481517,1926234.0910798195
2026-07-10 13:20:00,9.336615603740114,9.440987701455397,9.27634409813464,9.336615603740114,179010.54636336555,1671352.660410242
2026-07-10 13:25:00,9.342388615392382,9.345818952050541,9.333340273188243,9.342388615392382,184577.62876630714,1724395.9376424693
2026-07-10 13:30:00,9.349096076135583,9.366444039269377,9.223562843969345,9.349096076135583,196818.0290804652,1840070.6633889163
2026-07-10 13:35:00,9.34893199708332,9.360935823162846,9.271362841772154,9.34893199708332,158222.4579486294,1479210.9997731114
2026-07-10 13:40:00,9.358180113291201,9.358214440694601,9.27274753459185,9.358180113291201,162717.986006139,1522744.220717446
2026-07-10 13:45:00,9.358834212650795,9.459303398282193,9.324333320319342,9.358834212650795,159778.59074965087,1495341.3415569623
2026-07-10 13:50:00,9.36014136253654,9.457491927584439,9.230460904683316,9.36014136253654,194603.66671890265,1821517.8301568762
2026-07-10 13:55:00,9.362995310132735,9.408661562112552,9.297694618034887,9.362995310132735,164368.11597533413,1538977.899012407
2026-07-10 14:00:00,9.365115679771357,9.41029536548312,9.274289520259472,9.365115679771357,192728.4600075933,1804924.3227552988
2026-07-10 14:05:00,9.375913687404099,9.384906105568502,9.337948663134286,9.375913687404099,190459.09129249753,1785728.0009398744
2026-07-10 14:10:00,9.375707274932024,9.451863172296946,9.349085838113176,9.375707274932024,179966.5941607813,1687314.1061179764
2026-07-10 14:15:00,9.382759778613613,9.389730208230992,9.299147654948479,9.382759778613613,157772.2201745477,1480338.8416363173
2026-07-10 14:20:00,9.391178602448061,9.400999894208427,9.275593363251952,9.391178602448061,165080.6994961688,1550302.3327855787
2026-07-10 14:25:00,9.39481158425552,9.475146782851443,9.363217571086016,9.39481158425552,168730.61173539012,1585192.3057501633
2026-07-10 14:30:00,9.403634194408246,9.453661778102045,9.3599395263632,9.403634194408246,175189.14019326743,1647414.5892103896
2026-07-10 14:35:00,9.404936390287848,9.456489957439656,9.374161433861325,9.404936390287848,201364.2021087163,1893817.5121135428
2026-07-10 14:40:00,9.405400766299655,9.482903919834564,9.37357253296305,9.405400766299655,198074.9540903436,1862974.324986087
2026-07-10 14:45:00,9.40625293774713,9.553762722082707,9.358951797782117,9.40625293774713,154798.9969918408,1456078.5202148117
2026-07-10 14:50:00,9.405606935162824,9.45621445834268,9.368629338489225,9.405606935162824,190337.8036014444,1790242.565577405
2026-07-10 14:55:00,9.40878143882622,9.445111268186103,9.396545882660616,9.40878143882622,154065.069575369,1449564.566992202
2026-07-13 09:30:00,9.401639515388208,9.474172276548487,9.312909025784773,9.401639515388208,204955.64313689654,1926919.0734176505
2026-07-13 09:35:00,9.405505648761851,9.51607809957553,9.297222436719025,9.405505648761851,204574.16723649995,1924123.485533652
2026-07-13 09:40:00,9.408705064429673,9.445770797820524,9.38315600663763,9.408705064429673,168424.58921528637,1584657.2855243522
2026-07-13 09:45:00,9.41120218763244,9.46671590237161,9.294452174631179,9.41120218763244,191593.82713813335,1803128.245099272
2026-07-13 09:50:00,9.41671886511066,9.42983514886607,9.374644721785687,9.41671886511066,175992.76103876735,1657274.3529966727
2026-07-13 09:55:00,9.421864548657615,9.458448323631655,9.334482622791349,9.421864548657615,206381.87960481862,1944502.1149339646
2026-07-13 10:00:00,9.426220472113453,9.45371161722929,9.398140330790072,9.426220472113453,167383.56962494896,1577794.4306941214
2026-07-13 10:05:00,9.43215660971249,9.437943367689392,9.292511737998765,9.43215660971249,183918.3415936936,1734746.6013103165
2026-07-13 10:10:00,9.439154286684369,9.518979683348283,9.316279548050225,9.439154286684369,206659.46678835628,1950690.591819219
2026-07-13 10:15:00,9.450269955211178,9.505763557099224,9.384651516874104,9.450269955211178,196186.14812848807,1854012.0612872606
2026-07-13 10:20:00,9.452100207171648,9.52897461176872,9.387257374516642,9.452100207171648,201859.55070190303,1907996.7010090335
2026-07-13 10:25:00,9.449786267296457,9.519009018866923,9.42292536769184,9.449786267296457,175679.35846702382,1660132.3890891331
2026-07-13 10:30:00,9.450757043242918,9.473075372692987,9.439213617145827,9.450757043242918,183333.80840876923,1732643.2810837235
2026-07-13 10:35:00,9.453696246820169,9.475232038778339,9.36247813545638,9.453696246820169,194482.37740864846,1838577.3213808036
2026-07-13 10:40:00,9.456443995016413,9.477828720758737,9.356296661457037,9.456443995016413,206321.11604659056,1951064.0788838656
2026-07-13 10:45:00,9.45980876504291,9.46920006194847,9.353399291647492,9.45980876504291,151341.04270354725,1431657.3222777497
2026-07-13 10:50:00,9.465231611267722,9.482464087795897,9.452036193281865,9.465231611267722,156722.37133808143,1483413.5433820467
2026-07-13 10:55:00,9.46926296979261,9.537916298169979,9.468342196803881,9.46926296979261,184305.97522593473,1745241.7463184579
2026-07-13 11:00:00,9.474277491275753,9.507199242310127,9.362170313338936,9.474277491275753,156672.6634043349,1484360.2883899126
2026-07-13 11:05:00,9.485374982345306,9.506815513715583,9.377776802198916,9.485374982345306,163920.7248074556,1554849.542176549
2026-07-13 11:10:00,9.498880288489797,9.600862151470933,9.359064908099242,9.498880288489797,157601.776471238,1497040.4079536179
2026-07-13 11:15:00,9.503668397635787,9.53441344225822,9.316731861481477,9.503668397635787,151364.78791514444,1438520.7514240015
2026-07-13 11:20:00,9.50990893459633,9.548099330661335,9.367733543118906,9.50990893459633,189345.83913322946,1800661.6873017382
2026-07-13 11:25:00,9.511141216774371,9.601141227289302,9.394425066834346,9.511141216774371,210006.76184151822,1997403.9683521832
2026-07-13 13:00:00,9.513494898977884,9.547006566445724,9.39697569912032,9.513494898977884,174883.29300164353,1663751.3158875904
2026-07-13 13:05:00,9.520383613690242,9.537226907684309,9.41065987337921,9.520383613690242,166063.1606554077,1580984.9935413536
2026-07-13 13:10:00,9.520693512368387,9.579886215058993,9.49318271692989,9.520693512368387,166664.82240904513,1586764.6934498253
2026-07-13 13:15:00,9.520164155064224,9.600008579256274,9.488012847247731,9.520164155064224,201025.9300136047,1913799.8531539687
2026-07-13 13:20:00,9.529120309628988,9.589728976331198,9.495017872834222,9.529120309628988,182859.65052749167,1742491.60965318
2026-07-13 13:25:00,9.535418186770766,9.614212175035082,9.403981688100822,9.535418186770766,209429.50680781354,1996997.9280616571
2026-07-13 13:30:00,9.53698629122217,9.552008527863515,9.534541874632248,9.53698629122217,182505.66677572345,1740554.0421104361
2026-07-13 13:35:00,9.542851716520554,9.577249843891144,9.460503013929882,9.542851716520554,201260.4564264855,1920598.6920771974
2026-07-13 13:40:00,9.535669488635303,9.593246114854448,9.50751730332872,9.535669488635303,193859.1128737578,1848576.4277241996
2026-07-13 13:45:00,9.536169362522642,9.573014086582612,9.496580437105116,9.536169362522642,202869.11376411575,1934594.227279481
2026-07-13 13:50:00,9.536676724241161,9.538032965676585,9.4399054163218,9.536676724241161,200053.06633895982,1907841.421367831
2026-07-13 13:55:00,9.54392192586648,9.660626836158222,9.525352529396978,9.54392192586648,209720.7047229153,2001558.0321132012
2026-07-13 14:00:00,9.557313415282165,9.579205521012245,9.478748505370897,9.557313415282165,181052.645366958,1730376.8764379518
2026-07-13 14:05:00,9.56364125524667,9.666385719257136,9.503679071346964,9.56364125524667,189206.74309976265,1809505.4140797483
2026-07-13 14:10:00,9.56821367264185,9.584110536676544,9.489305713357169,9.56821367264185,197167.44280290097,1886540.222026547
2026-07-13 14:15:00,9.574055977324045,9.658562902847414,9.475074475852711,9.574055977324045,196965.53806475087,1885759.0870356748
2026-07-13 14:20:00,9.580080508902707,9.617398774246636,9.439701709562842,9.580080508902707,204731.3101816605,1961342.43423344
2026-07-13 14:25:00,9.579120388958927,9.602484337602563,9.520615533528018,9.579120388958927,207017.32194958726,1983043.8495549657
2026-07-13 14:30:00,9.580935003386953,9.585497709183853,9.467218037886376,9.580935003386953,179193.33284823367,1716839.675059211
2026-07-13 14:35:00,9.586111990845389,9.629348898018648,9.526105650085888,9.586111990845389,207204.5650682637,1986286.1657587863
2026-07-13 14:40:00,9.590482014398807,9.65497982162249,9.484515695327694,9.590482014398807,195042.90137582822,1870555.437681041
2026-07-13 14:45:00,9.586251227731266,9.588540323292243,9.58099339239754,9.586251227731266,163623.90103202805,1568539.822154458
2026-07-13 14:50:00,9.591082175472561,9.65715626902859,9.588667407938274,9.591082175472561,154118.5184641119,1478163.3753513824
2026-07-13 14:55:00,9.600538031407236,9.625433974522268,9.444149613589575,9.600538031407236,207399.98383957395,1991151.4325650758
2026-07-14 09:30:00,9.603687362491478,9.701996667282176,9.60221275972323,9.603687362491478,210115.29789759344,2017881.6310852503
2026-07-14 09:35:00,9.606543934578635,9.654164648501434,9.498425677561226,9.606543934578635,175849.8721996098,1689309.5231755895
2026-07-14 09:40:00,9.617677793219997,9.641884692734513,9.606176854173938,9.617677793219997,178593.39727721136,1717653.7510087523
2026-07-14 09:45:00,9.618559782432714,9.621098083636443,9.616395951275695,9.618559782432714,175138.2728588727,1684577.9476850796
2026-07-14 09:50:00,9.621422745062874,9.650782022709278,9.61670251449683,9.621422745062874,180499.04219504868,1736657.590037505
2026-07-14 09:55:00,9.629402489300837,9.73930913675339,9.515918660083399,9.629402489300837,195672.92734090853,1884213.3736253264
2026-07-14 10:00:00,9.636094635427629,9.710827337914036,9.600074948775413,9.636094635427629,176934.6085892063,1704958.632647938
2026-07-14 10:05:00,9.639144115035872,9.725118213053241,9.581636662020784,9.639144115035872,196578.5148734932,1894848.6347853236
2026-07-14 10:10:00,9.644287145659145,9.70484998238877,9.577956377222048,9.644287145659145,203274.13058064145,1960434.084603919
2026-07-14 10:15:00,9.64937797827102,9.66060842287172,9.637203160692026,9.64937797827102,192916.57721213344,1861524.9717941813
2026-07-14 10:20:00,9.653414154065539,9.714218012512237,9.610671213759208,9.653414154065539,201519.7541709139,1945353.647237308
2026-07-14 10:25:00,9.659230216166893,9.68192599184184,9.530116726267847,9.659230216166893,203712.12058593094,1967702.2705630579
2026-07-14 10:30:00,9.669015184389009,9.736792715298707,9.64099049070501,9.669015184389009,200966.73100337337,1943150.3736286385
2026-07-14 10:35:00,9.679420653009622,9.844501905884622,9.593443108523301,9.679420653009622,184999.39329634572,1790686.9482668985
2026-07-14 10:40:00,9.684949884922068,9.742952011300451,9.676486140326261,9.684949884922068,172131.8443716811,1667088.286338936
2026-07-14 10:45:00,9.689345078656308,9.77804090863693,9.675535406820359,9.689345078656308,165920.3480314037,1607659.5076470233
2026-07-14 10:50:00,9.701135259779775,9.780892734476412,9.656608027086241,9.701135259779775,157778.3857103187,1530629.460845506
2026-07-14 10:55:00,9.707184238166825,9.807450612189776,9.685674957871147,9.707184238166825,169595.66350289984,1646296.351616794
2026-07-14 11:00:00,9.712244766667654,9.811220215016489,9.66379688218088,9.712244766667654,185280.69012687023,1799491.4130492667
2026-07-14 11:05:00,9.713632579975924,9.779275492689296,9.694670021575115,9.713632579975924,192758.06156017733,1872380.9868239432
2026-07-14 11:10:00,9.715823811046578,9.743827800905674,9.694462389639902,9.715823811046578,169280.979388024,1644704.1702954485
2026-07-14 11:15:00,9.724526643007332,9.732238213628298,9.71041498400974,9.724526643007332,206694.00731642058,2010001.3810984844
2026-07-14 11:20:00,9.728092462995285,9.763922625933198,9.726678347571907,9.728092462995285,187126.87297222216,1820387.5225849506
2026-07-14 11:25:00,9.735961724158788,9.810994985892735,9.653774786375257,9.735961724158788,178988.55838494407,1742625.7534981759
2026-07-14 13:00:00,9.736159149721509,9.79196990732458,9.701940213635133,9.736159149721509,158867.0433425743,1546754.8176290083
2026-07-14 13:05:00,9.736920488754578,9.803212815351557,9.717950274270034,9.736920488754578,176090.77749214316,1714581.899243972
2026-07-14 13:10:00,9.748459563028762,9.79620297886656,9.745652632676386,9.748459563028762,188275.32062572805,1835394.3498361849
2026-07-14 13:15:00,9.758092889971321,9.796580922233106,9.74710461895616,9.758092889971321,178017.38513205101,1737110.1801483533
2026-07-14 13:20:00,9.76507611651884,9.803991166513141,9.637870352439863,9.76507611651884,176547.91776463995,1724003.8551846177
2026-07-14 13:25:00,9.767356684127222,9.819011720624097,9.741897436095817,9.767356684127222,176129.0217537721,1720314.9778954948
2026-07-14 13:30:00,9.769276574181324,9.892823736182486,9.638553976260509,9.769276574181324,205234.2915782193,2004990.5569337972
2026-07-14 13:35:00,9.778177092059856,9.83704376212955,9.662936010460204,9.778177092059856,192628.5139490778,1883555.722374405
2026-07-14 13:40:00,9.777730812541577,9.90204623408662,9.695821342618187,9.777730812541577,160566.86028482838,1569979.537280025
2026-07-14 13:45:00,9.790155906429725,9.83419241393874,9.741211364588558,9.790155906429725,152414.91346606915,1492165.7652978122
2026-07-14 13:50:00,9.79085102325262,9.804014529449908,9.770358247035496,9.79085102325262,154433.57049923443,1512036.081746985
2026-07-14 13:55:00,9.792559475600548,9.892619698495754,9.737853272768715,9.792559475600548,194193.5908287725,1901652.2879711918
2026-07-14 14:00:00,9.802048101010145,9.884041398171929,9.734144844396251,9.802048101010145,152882.24433531967,1498559.1127651893
2026-07-14 14:05:00,9.80596887803369,9.819094109191614,9.701480151017837,9.80596887803369,182758.8090074048,1792127.1933131148
2026-07-14 14:10:00,9.813983304957508,9.872865399554406,9.791944993257053,9.813983304957508,150914.18027534828,1481069.2457036157
2026-07-14 14:15:00,9.81454873644965,9.868643615210207,9.811116152303844,9.81454873644965,175433.85186776254,1721804.089179244
2026-07-14 14:20:00,9.826903852370682,9.920386871954701,9.772834008855858,9.826903852370682,166827.354951391,1639396.3770526354
2026-07-14 14:25:00,9.8401068007895,9.998598724981052,9.79852738783452,9.8401068007895,157867.86469827534,1553436.6490436157
2026-07-14 14:30:00,9.84820055277716,9.855783964833389,9.801308749174249,9.84820055277716,202843.8548339793,1997646.963303445
2026-07-14 14:35:00,9.855035204156554,9.880937870883889,9.733342943199906,9.855035204156554,172799.91386855528,1702949.2344498325
2026-07-14 14:40:00,9.8599594683065,9.877871479004963,9.803762795049941,9.8599594683065,198909.48302749524,1961239.4405129026
2026-07-14 14:45:00,9.856473434990503,9.931083140398247,9.824022862166725,9.856473434990503,208366.8739320522,2053762.5576432878
2026-07-14 14:50:00,9.868043331877896,9.91365215472216,9.865673302068016,9.868043331877896,153227.2667435508,1512053.3078505723
2026-07-14 14:55:00,9.868845540229556,10.00896504708098,9.809998793270234,9.868845540229556,171259.02042302355,1690128.8199258384
2026-07-15 09:30:00,9.876352503624865,9.92135284584585,9.870156542697732,9.876352503624865,153657.4331198051,1517574.9742933572
2026-07-15 09:35:00,9.880943813146304,9.928304075512411,9.842051388336056,9.880943813146304,176760.83569956585,1746563.8859121955
2026-07-15 09:40:00,9.889095087971718,9.948101488476208,9.866645702033395,9.889095087971718,160193.34659446115,1584167.2369330367
2026-07-15 09:45:00,9.892572555802609,9.941746709241176,9.817750383230017,9.892572555802609,151691.0382809825,1500614.6022596504
2026-07-15 09:50:00,9.905804534455697,10.010055787282232,9.904843796409667,9.905804534455697,162406.86413843135,1608770.6512092038
2026-07-15 09:55:00,9.921458615843619,9.975891923661296,9.875265708779555,9.921458615843619,153237.35775501403,1520338.103367595
2026-07-15 10:00:00,9.929132738270603,9.995073456692596,9.911235490312595,9.929132738270603,164278.2866854597,1631140.9145156015
2026-07-15 10:05:00,9.928548998039492,10.052415596413342,9.878389529141408,9.928548998039492,178723.7289677671,1774467.3001688058
2026-07-15 10:10:00,9.931241408178522,10.015436871556139,9.891764816756643,9.931241408178522,189369.80236860926,1880677.2227417154
2026-07-15 10:15:00,9.936416690043881,9.985916761126674,9.878822715256758,9.936416690043881,167363.15298528137,1662990.0266213173
2026-07-15 10:20:00,9.942003206380218,10.013920687966005,9.825611407148646,9.942003206380218,205979.05676058843,2047844.442760943
2026-07-15 10:25:00,9.951142099371062,10.072214200187585,9.914386983820158,9.951142099371062,207845.9320951979,2068304.4050555427
2026-07-15 10:30:00,9.957586905318259,9.982718848384598,9.929491934384316,9.957586905318259,165063.6282627723,1643635.4233337024
2026-07-15 10:35:00,9.960383848426126,9.981296985126551,9.896178898078352,9.960383848426126,169553.01774730632,1688813.1394221783
2026-07-15 10:40:00,9.959314687363769,10.031452957362264,9.920680571589768,9.959314687363769,192174.95026885218,1913930.8047559813
2026-07-15 10:45:00,9.964594376070636,9.993535779206553,9.894479988161294,9.964594376070636,176818.0670539952,1761920.3165539212
2026-07-15 10:50:00,9.971550377567018,9.997552989935299,9.958646073504447,9.971550377567018,152266.457305042,1518332.6498308836
2026-07-15 10:55:00,9.986466797626049,10.031518301805578,9.979484416074381,9.986466797626049,179186.21851438924,1789437.2217861142
2026-07-15 11:00:00,9.989444109874313,10.046340631615726,9.91475891847655,9.989444109874313,182515.54909271016,1823228.8768446494
2026-07-15 11:05:00,9.994907998634034,10.023007098014702,9.858890748120942,9.994907998634034,206539.2040121414,2064340.3422124584
2026-07-15 11:10:00,10.000944946665502,10.199139063685221,9.923990561312898,10.000944946665502,197975.11021903178,1979938.1781105716
2026-07-15 11:15:00,10.005597120841136,10.059523027799695,9.892343585096897,10.005597120841136,185268.1901376649,1853718.8698248682
2026-07-15 11:20:00,10.004782890855163,10.08532918283828,9.974727711347919,10.004782890855163,162555.4580943684,1626332.0659576603
2026-07-15 11:25:00,10.01000947224833,10.061893867209129,9.947398939720081,10.01000947224833,173880.87620042084,1740549.2178090517
2026-07-15 13:00:00,10.01284331880601,10.03327076027757,9.927613894611625,10.01284331880601,166317.61624044162,1665312.2325728477
2026-07-15 13:05:00,10.014460531582046,10.031318908508622,9.919147959327173,10.014460531582046,157473.4814809665,1577011.9650619552
2026-07-15 13:10:00,10.021472934024168,10.168714193001934,10.015916524713022,10.021472934024168,199422.99484122754,1998512.145223403
2026-07-15 13:15:00,10.031168801811377,10.055161831225016,9.9429215875068,10.031168801811377,185597.3178726992,1861758.0247444895
2026-07-15 13:20:00,10.038202497271374,10.126440623461193,9.971311212390807,10.038202497271374,173776.89993931848,1744407.7109389445
2026-07-15 13:25:00,10.041117774431326,10.118458396149897,9.975702417424646,10.041117774431326,182950.82910437568,1837030.8219668947
2026-07-15 13:30:00,10.058460163519428,10.108477311544252,10.040711452487766,10.058460163519428,203461.0017690476,2046504.3811237211
2026-07-15 13:35:00,10.06275030725552,10.158207154935,10.039408165816983,10.06275030725552,169987.85901869353,1710545.3805700664
2026-07-15 13:40:00,10.068138672308157,10.100146702245508,9.87963319818865,10.068138672308157,168344.63184406704,1694917.0981447306
2026-07-15 13:45:00,10.07321306734543,10.153488557519232,10.045051580797816,10.07321306734543,201508.11552639352,2029834.1824966196
2026-07-15 13:50:00,10.077227614427045,10.11460238842251,10.028375350219479,10.077227614427045,170812.0005249097,1721311.4085651468
2026-07-15 13:55:00,10.082412216621506,10.221937902160526,10.032095443495662,10.082412216621506,171829.98688846818,1732460.7589862049
2026-07-15 14:00:00,10.085613196739331,10.150443432509777,10.072404628468695,10.085613196739331,205775.96050809108,2075376.7428721148
2026-07-15 14:05:00,10.100651967305062,10.244000068939718,10.054447274923419,10.100651967305062,199416.6734923889,2014238.415424329
2026-07-15 14:10:00,10.11384246820761,10.153811229029648,9.928363291076346,10.11384246820761,206596.72598485494,2089486.7410582765
2026-07-15 14:15:00,10.119399258997744,10.204397359743684,10.042063805810175,10.119399258997744,191962.81293106172,1942548.3469297085
2026-07-15 14:20:00,10.1236156680754,10.208732835291537,10.058658419121569,10.1236156680754,162019.0978829087,1640219.0778548566
2026-07-15 14:25:00,10.126924064464623,10.203793010801498,10.104451549839363,10.126924064464623,180429.88710246718,1827199.76564661
2026-07-15 14:30:00,10.133443025270898,10.199565727114976,10.02555931611088,10.133443025270898,168190.32741689033,1704347.100280716
2026-07-15 14:35:00,10.142053459402916,10.213101234417444,10.12326645902848,10.142053459402916,195835.06655332766,1986169.714209577
2026-07-15 14:40:00,10.146037460865893,10.273257781053536,10.145563030617915,10.146037460865893,152827.65194876917,1550595.0817283865
2026-07-15 14:45:00,10.157260274813236,10.162460439517512,10.145936751643065,10.157260274813236,198734.4564300564,2018597.5995336138
2026-07-15 14:50:00,10.159323088016846,10.269380216458613,10.050170174319893,10.159323088016846,189346.07111680266,1923627.911922213
2026-07-15 14:55:00,10.164300814026758,10.19458312942674,10.14176510815266,10.164300814026758,207907.67915417705,2113236.192469216
2026-07-16 09:30:00,10.172711513939928,10.21215483235949,10.158890678754307,10.172711513939928,178691.11598127426,1817773.1729814839
2026-07-16 09:35:00,10.177422951858297,10.213590986302885,10.101446444159276,10.177422951858297,202881.221892322,2064808.004187974
2026-07-16 09:40:00,10.176734222690278,10.23933424795795,10.144296681024445,10.176734222690278,149790.28497398438,1524375.9193212762
2026-07-16 09:45:00,10.17545239810674,10.22638988934513,10.144969261029566,10.17545239810674,182818.05163381124,1860256.3819144664
2026-07-16 09:50:00,10.184935332116673,10.270737998630555,10.085636610663979,10.184935332116673,192479.2143940317,1960388.3513798336
2026-07-16 09:55:00,10.183474725996673,10.249684696161298,10.176097946768552,10.183474725996673,194595.7212051108,1981660.6086793407
2026-07-16 10:00:00,10.196437268925015,10.22051973524865,10.173419501053946,10.196437268925015,186023.9229198822,1896781.2605719212
2026-07-16 10:05:00,10.20268985509032,10.206381108765815,10.157931538171393,10.20268985509032,154098.6981890164,1572221.2246957028
2026-07-16 10:10:00,10.207322833055649,10.226463004507597,10.136541567800794,10.207322833055649,186676.82168261177,1905470.584363181
2026-07-16 10:15:00,10.217655092340122,10.218836072051339,10.217264469061357,10.217655092340122,163506.40322762245,1670652.0335689338
2026-07-16 10:20:00,10.222387225692797,10.275563759543155,10.179271902599043,10.222387225692797,201299.54354111286,2057761.882432463
2026-07-16 10:25:00,10.233331012749154,10.292249907877522,10.024142870624612,10.233331012749154,206973.1313132265,2118024.563473444
2026-07-16 10:30:00,10.2346297943956,10.301557687128366,10.127035047294283,10.2346297943956,181584.23871647392,1858447.459760267
2026-07-16 10:35:00,10.246146160966001,10.257579344602272,10.18106285792914,10.246146160966001,194953.52148558508,1997522.2757363303
2026-07-16 10:40:00,10.249245095553587,10.291820961927975,10.203406984073673,10.249245095553587,208926.32689799884,2141337.13129134
2026-07-16 10:45:00,10.253599838190391,10.263729774676364,10.23040331683635,10.253599838190391,164727.61173298254,1689051.0130107994
2026-07-16 10:50:00,10.258364165172727,10.329272438244251,10.124470586719596,10.258364165172727,193688.54390976505,1986927.618048418
2026-07-16 10:55:00,10.265898596487872,10.336666291667376,10.213220184646632,10.265898596487872,154857.60784577194,1589752.4990393794
2026-07-16 11:00:00,10.274970514651958,10.358095559236196,10.248042786272148,10.274970514651958,205406.21244080068,2110542.776355563
2026-07-16 11:05:00,10.290841502129103,10.432722115073489,10.195577515907338,10.290841502129103,178926.53117173733,1841304.5728141111
2026-07-16 11:10:00,10.304226628031392,10.343545685709532,10.26092177966915,10.304226628031392,162978.08298969595,1679363.102527935
2026-07-16 11:15:00,10.317972640551696,10.352063020024497,10.23617523058701,10.317972640551696,172866.49753870093,1783631.7920723134
2026-07-16 11:20:00,10.321883914505367,10.328686624849842,10.222457885897086,10.321883914505367,198320.55662417936,2047041.7633348678
2026-07-16 11:25:00,10.336700459845847,10.345843610692368,10.321344938048133,10.336700459845847,175949.42465010966,1818736.4986904007
2026-07-16 13:00:00,10.343811255970094,10.431652563625649,10.316272067348459,10.343811255970094,165127.41030533897,1708046.7653855572
2026-07-16 13:05:00,10.350876091970548,10.397916600537314,10.282156446771074,10.350876091970548,194692.31543368733,2015236.0331129427
2026-07-16 13:10:00,10.35307229204165,10.366550496610877,10.148193089999852,10.35307229204165,160946.77834926793,1666293.6314211749
2026-07-16 13:15:00,10.359090759172503,10.395283334629303,10.345007867607402,10.359090759172503,197235.53739080857,2043180.8327655478
2026-07-16 13:20:00,10.367523447846173,10.389760436016664,10.257421415202646,10.367523447846173,188387.33355163631,1953110.0978738074
2026-07-16 13:25:00,10.374409150217943,10.420257324000891,10.107878656896268,10.374409150217943,175487.92643043294,1820583.5497126568
2026-07-16 13:30:00,10.38288188983607,10.451240859106967,10.361870439822736,10.38288188983607,203008.53167226008,2107813.6069821217
2026-07-16 13:35:00,10.385118434522784,10.397162872314743,10.302878619196239,10.385118434522784,160985.00527203642,1671848.345932373
2026-07-16 13:40:00,10.38663176843769,10.475561467420917,10.376967315386182,10.38663176843769,162394.72923553464,1686734.253704641
2026-07-16 13:45:00,10.393300231952502,10.406854020842019,10.369154102201694,10.393300231952502,185522.93091661012,1928195.5209281119
2026-07-16 13:50:00,10.401138126414839,10.422726639601477,10.384772687544302,10.401138126414839,176126.42810407875,1831915.3064225954
2026-07-16 13:55:00,10.40906495143344,10.500016263079068,10.385994237885571,10.40906495143344,208652.09216072652,2171873.1795534785
2026-07-16 14:00:00,10.423451856055221,10.47496269117714,10.371459279876468,10.423451856055221,151309.40469893653,1577166.2952477406
2026-07-16 14:05:00,10.424842811223598,10.470827834786665,10.385318863760737,10.424842811223598,189530.8615922483,1975829.4399749644
2026-07-16 14:10:00,10.437219655831836,10.496128846728023,10.380120001576769,10.437219655831836,161462.80421507306,1685222.753839288
2026-07-16 14:15:00,10.443517112116945,10.473315845950099,10.360830667390903,10.443517112116945,194343.77193354312,2029632.5078213103
2026-07-16 14:20:00,10.453345862940115,10.530671586140805,10.377627002133709,10.453345862940115,151135.939904016,1579876.2521372114
2026-07-16 14:25:00,10.458512294847095,10.525352702661891,10.42597804453849,10.458512294847095,179810.9613658461,1880555.1501929774
2026-07-16 14:30:00,10.466266968819927,10.53726021525353,10.346972400995101,10.466266968819927,197714.49261212826,2069332.6632833094
2026-07-16 14:35:00,10.468423848741663,10.54653765720435,10.461852258902418,10.468423848741663,197601.23278658424,2068573.4578438315
2026-07-16 14:40:00,10.476650416942924,10.58543137485522,10.46623913725162,10.476650416942924,166949.93876550093,1749076.145576181
2026-07-16 14:45:00,10.479732518287381,10.517322910502998,10.424051355419254,10.479732518287381,199064.97438164928,2086147.6852794145
2026-07-16 14:50:00,10.484524293314822,10.64740922424703,10.388439322221762,10.484524293314822,164406.55209085002,1723724.4893766458
2026-07-16 14:55:00,10.485164403834368,10.539736108177188,10.441311137052267,10.485164403834368,161154.99087480022,1689736.5738207076
2026-07-17 09:30:00,10.495988680572474,10.540270509060676,10.484935109178009,10.495988680572474,173009.5137259994,1815905.8976994376
2026-07-17 09:35:00,10.505385537914501,10.551292406098433,10.401380887040943,10.505385537914501,159952.78464768137,1680365.6705869045
2026-07-17 09:40:00,10.5182605921948,10.558922245085398,10.455690601644802,10.5182605921948,154035.14085980903,1620181.7519189043
2026-07-17 09:45:00,10.520401362204028,10.561941927884309,10.47548842117491,10.520401362204028,164832.1691641184,1734100.577009236
2026-07-17 09:50:00,10.532041305592717,10.550701974542593,10.52698397252291,10.532041305592717,167551.90145903057,1764663.5469971106
2026-07-17 09:55:00,10.538405844428347,10.6437765970734,10.537895778865689,10.538405844428347,202150.3367180911,2130342.2899230896
2026-07-17 10:00:00,10.54151013143609,10.5883443108685,10.385250463894373,10.54151013143609,160673.84740209256,1693744.9902459749
2026-07-17 10:05:00,10.546979759956848,10.576835696089022,10.412330752646909,10.546979759956848,151622.42058515482,1599158.6010672925
2026-07-17 10:10:00,10.554939215142497,10.705328443329064,10.516089645565946,10.554939215142497,201966.56285583606,2131744.794434606
2026-07-17 10:15:00,10.561817685414868,10.605580746800062,10.527711202598356,10.561817685414868,174828.96209943257,1846511.6238245126
2026-07-17 10:20:00,10.57286943160018,10.671221442625324,10.533374549025924,10.57286943160018,201419.17289856842,2129578.6160774655
2026-07-17 10:25:00,10.579821316421713,10.61908083588538,10.536549005993226,10.579821316421713,174168.3265543619,1842669.7739253358
2026-07-17 10:30:00,10.587967128432089,10.660944861655683,10.41328298047623,10.587967128432089,188623.56582610056,1997140.114614399
2026-07-17 10:35:00,10.601582954550572,10.603510315274363,10.497995180086725,10.601582954550572,164624.31435675407,1745278.324989139
2026-07-17 10:40:00,10.605798801537054,10.754150719750566,10.509500645994853,10.605798801537054,164173.40140662016,1741190.0638825938
2026-07-17 10:45:00,10.618384820381797,10.687973451307471,10.597873936308316,10.618384820381797,185550.00347855195,1970241.3403584457
2026-07-17 10:50:00,10.619247543951099,10.716356431658824,10.608168168280027,10.619247543951099,170288.75998077492,1808338.4961883223
2026-07-17 10:55:00,10.624422226881666,10.684126582391755,10.519015215165568,10.624422226881666,163487.37493903504,1736958.9001168206
2026-07-17 11:00:00,10.6375297513945,10.709775204720682,10.630295158266472,10.6375297513945,152953.99275708993,1627052.648548123
2026-07-17 11:05:00,10.646462111240638,10.676159888863609,10.525354688697075,10.646462111240638,156602.07784941013,1667258.0883653017
2026-07-17 11:10:00,10.641100713080915,10.719359133160136,10.626792597224052,10.641100713080915,174415.10831551327,1855968.7334682932
2026-07-17 11:15:00,10.64104876109423,10.676850694791927,10.640053394777897,10.64104876109423,154322.63398987986,1642154.6732268096
2026-07-17 11:20:00,10.650406346314538,10.69974265820883,10.568603297719221,10.650406346314538,172673.13157247423,1839039.0163374848
2026-07-17 11:25:00,10.648664135806326,10.699526534037929,10.546542037257616,10.648664135806326,182502.0913084559,1943403.474426006
2026-07-17 13:00:00,10.665374125701977,10.683284394841687,10.602784011944294,10.665374125701977,173319.88750116533,1848521.4436245062
2026-07-17 13:05:00,10.678876402242148,10.693779945177148,10.57373824519284,10.678876402242148,163708.43453845457,1748222.138440706
2026-07-17 13:10:00,10.685898048241967,10.693884623044072,10.57705560462613,10.685898048241967,209120.70679947964,2234642.5526355403
2026-07-17 13:15:00,10.698704712908377,10.735475679765011,10.599068590259723,10.698704712908377,176125.14648421702,1884310.934752371
2026-07-17 13:20:00,10.705393201883068,10.720868867811994,10.652358228874649,10.705393201883068,190794.1980715915,2042526.9109943472
2026-07-17 13:25:00,10.709741668420435,10.802566108636944,10.617405593870375,10.709741668420435,162360.49148507975,1738838.9209629798
2026-07-17 13:30:00,10.718258070678413,10.725215226921467,10.69462200687959,10.718258070678413,158919.5699878929,1703340.963611476
2026-07-17 13:35:00,10.723049046837215,10.806183837070218,10.691071387982916,10.723049046837215,194456.3303919081,2085164.7682604126
2026-07-17 13:40:00,10.731573507740261,10.775361496071215,10.654595046793142,10.731573507740261,174122.27077686077,1868605.9481765353
2026-07-17 13:45:00,10.740883003743056,10.76505503419797,10.722485200978664,10.740883003743056,176773.2092942029,1898700.359225218
2026-07-17 13:50:00,10.75208646145554,10.795799400580481,10.746508208209745,10.75208646145554,171901.89284674005,1848304.0147760147
2026-07-17 13:55:00,10.755475679788107,10.778928228522583,10.743995461841887,10.755475679788107,158279.683223536,1702373.2835153071
2026-07-17 14:00:00,10.764218994242423,10.804516890613748,10.745868166382738,10.764218994242423,161717.43798207043,1740761.9176268235
2026-07-17 14:05:00,10.77199554308639,10.778049277378242,10.695189771203035,10.77199554308639,180413.9169505701,1943417.9093022994
2026-07-17 14:10:00,10.782522983984808,10.879127944357924,10.768083314445567,10.782522983984808,163165.40610168688,1759334.741482654
2026-07-17 14:15:00,10.790356336754392,10.919273625017816,10.7298993230887,10.790356336754392,181289.67532764684,1956180.1969598206
2026-07-17 14:20:00,10.79601605465307,10.848782414029925,10.792249928562585,10.79601605465307,207093.98638332216,2235790.00181645
2026-07-17 14:25:00,10.80421812312609,10.934525027688128,10.763991513805912,10.80421812312609,154439.92567276018,1668602.6438878817
2026-07-17 14:30:00,10.812695594714947,10.849465879655707,10.744707340827526,10.812695594714947,184252.57493539702,1992267.005318853
2026-07-17 14:35:00,10.824471930384423,10.898811129640302,10.796154593817,10.824471930384423,204711.6711261127,2215895.737926694
2026-07-17 14:40:00,10.829078028587528,10.854404108483015,10.81104213972199,10.829078028587528,208097.0023834839,2253498.6763259117
2026-07-17 14:45:00,10.83150350113566,11.035540989229226,10.734596882849276,10.83150350113566,165867.26806847582,1796591.894807503
2026-07-17 14:50:00,10.843830600211819,10.869020476465723,10.831697444659323,10.843830600211819,159821.95100310564,1733082.1628730309
2026-07-17 14:55:00,10.85230001355654,10.869118607036041,10.810816373686714,10.85230001355654,155844.88443798234,1691275.4414990332
2026-07-20 09:30:00,10.853582523634243,10.897790029616996,10.804853012868671,10.853582523634243,162029.47109128928,1758600.235750117
2026-07-20 09:35:00,10.862827991422932,10.87014930470638,10.798896617452014,10.862827991422932,200010.65701866584,2172681.3636452546
2026-07-20 09:40:00,10.862588873639616,10.927892614327655,10.827739446513068,10.862588873639616,172245.74095081372,1871034.6691841208
2026-07-20 09:45:00,10.865423302275103,10.959793310642661,10.80196857577123,10.865423302275103,203995.24848133398,2216494.726402486
2026-07-20 09:50:00,10.875164987976653,10.88052896363804,10.853546211697925,10.875164987976653,180037.78402133024,1957940.605301673
2026-07-20 09:55:00,10.879266248725282,10.989554156138635,10.845544324302525,10.879266248725282,190436.57108504768,2071810.160328532
2026-07-20 10:00:00,10.884802593814161,10.946013666873911,10.729050840474676,10.884802593814161,151148.5824850433,1645222.4826845329
2026-07-20 10:05:00,10.882119065744408,10.990391414124597,10.877598623460807,10.882119065744408,172951.94012053724,1882083.6050431835
2026-07-20 10:10:00,10.895398859842688,11.00048560101455,10.839071660263361,10.895398859842688,166583.25406648152,1814990.9964248275
2026-07-20 10:15:00,10.899079785602689,10.903594939690676,10.83643164002599,10.899079785602689,199370.19990160532,2172951.7155991537
2026-07-20 10:20:00,10.902097820588917,11.000946680455442,10.841487516270448,10.902097820588917,202873.92792254122,2211751.4074586495
2026-07-20 10:25:00,10.9089006635016,10.921055813427516,10.893045342684225,10.9089006635016,164139.46806004652,1790581.1520270412
2026-07-20 10:30:00,10.910609704736842,10.976375195143467,10.84355714358597,10.910609704736842,150224.41248834797,1639039.93278376
2026-07-20 10:35:00,10.92111315679275,10.94966708018282,10.882792735453604,10.92111315679275,149952.03063050818,1637643.0946066321
2026-07-20 10:40:00,10.92333121843402,10.972031022621382,10.797948083969569,10.92333121843402,179085.31061828305,1956208.1642396448
2026-07-20 10:45:00,10.93203209214149,10.950304152994953,10.919558067474913,10.93203209214149,177924.8160080942,1945079.798588856
2026-07-20 10:50:00,10.93763567802355,11.080266636683888,10.928833074907066,10.93763567802355,178666.13419515453,1954185.0838274658
2026-07-20 10:55:00,10.941637365959203,10.960881258723884,10.918674359795306,10.941637365959203,158246.60415166523,1731476.957022015
2026-07-20 11:00:00,10.949016277132763,11.004032699376662,10.815249741091876,10.949016277132763,174944.29100888257,1915467.8898477063
2026-07-20 11:05:00,10.958991450353636,11.005598659862795,10.904884420529289,10.958991450353636,179395.7027518844,1965995.9726880835
2026-07-20 11:10:00,10.965190659413073,11.018175937306838,10.92509159963553,10.965190659413073,165927.24474669877,1819423.8742386482
2026-07-20 11:15:00,10.973248268267152,10.987238374014124,10.834893022686467,10.973248268267152,205183.23689816715,2251526.5989702614
2026-07-20 11:20:00,10.984579972102175,11.00893837892076,10.930345661505505,10.984579972102175,149970.77891109863,1647366.0144274172
2026-07-20 11:25:00,10.983306360040569,11.040880099782662,10.973988521994405,10.983306360040569,178549.30713356653,1961061.7406209381
2026-07-20 13:00:00,10.987810590160455,11.06252737128559,10.868873669562845,10.987810590160455,184007.31872219307,2021837.5653227433
2026-07-20 13:05:00,10.997503053327465,11.05813429273483,10.941256591605029,10.997503053327465,177797.798040795,1955331.8268285429
2026-07-20 13:10:00,11.010903003296882,11.01967404596648,10.995646065913032,11.010903003296882,198941.14129673518,2190521.6101835305
2026-07-20 13:15:00,11.019001298170306,11.075416026439981,10.98358026623489,11.019001298170306,202141.52620206936,2227397.739634729
2026-07-20 13:20:00,11.023161092283123,11.09163436034912,10.98855340402122,11.023161092283123,184960.89737754076,2038853.767565879
2026-07-20 13:25:00,11.035247959270938,11.090365970301372,10.930714689612145,11.035247959270938,205723.2036775124,2270206.5635569487
2026-07-20 13:30:00,11.046918777081244,11.099498188760679,11.034144827664074,11.046918777081244,197469.69276068735,2181431.656862501
2026-07-20 13:35:00,11.060234994949324,11.065458255727355,11.02634897083016,11.060234994949324,202496.14000607555,2239654.8940373547
2026-07-20 13:40:00,11.057845414833947,11.240652697483755,11.041084303251642,11.057845414833947,182151.4187598914,2014202.2307395635
2026-07-20 13:45:00,11.071368105549393,11.146230892574428,10.924287774839069,11.071368105549393,161053.50838514298,1783082.6760221038
2026-07-20 13:50:00,11.071300849423752,11.088131150364632,11.057642214661318,11.071300849423752,150826.14381523113,1669841.6141368775
2026-07-20 13:55:00,11.085889028058599,11.118377671187321,11.021087961689947,11.085889028058599,201001.9370310609,2228285.168351163
2026-07-20 14:00:00,11.089578060419296,11.097726452359552,10.962257351636367,11.089578060419296,209582.52562622225,2324181.778031819
2026-07-20 14:05:00,11.102865276987304,11.200583596357701,11.058358247793079,11.102865276987304,165772.96851982115,1840554.9360418317
2026-07-20 14:10:00,11.109323398739582,11.209169130127338,11.071588986024777,11.109323398739582,167045.80030785667,1855765.8180212516
2026-07-20 14:15:00,11.122469226985238,11.192811304363701,11.065422223269557,11.122469226985238,174125.54691329433,1936706.0371750905
2026-07-20 14:20:00,11.133760933551283,11.143693607740898,11.049547227742524,11.133760933551283,187508.48352800545,2087674.6286135514
2026-07-20 14:25:00,11.143267153005615,11.15898442640057,11.046542451234279,11.143267153005615,163287.2794306931,1819553.7773836919
2026-07-20 14:30:00,11.148902041182067,11.156053520119954,11.141047293082922,11.148902041182067,154252.6500554972,1719747.6850614757
2026-07-20 14:35:00,11.155365794585268,11.171419698777882,11.0655205901335,11.155365794585268,176795.28028708705,1972216.0223586862
2026-07-20 14:40:00,11.171577549088573,11.233103098339082,11.159127892625962,11.171577549088573,187298.88326228928,2092423.9992223524
2026-07-20 14:45:00,11.183644249878915,11.224488411129661,11.10221207443286,11.183644249878915,184014.68339048998,2057954.7557933424
2026-07-20 14:50:00,11.185581672549276,11.296738016724198,11.156785732654383,11.185581672549276,162051.74334931027,1812643.010412704
2026-07-20 14:55:00,11.193669245189243,11.278384426265786,11.16470592537575,11.193669245189243,169134.5321326929,1893236.0106331962
